user_id,timestamp,action,data_gb,after_hours,anomalous_geo,origin_type
USR0043,2025-08-05T14:24:09.362384,read,0.47,0,0,contractor
USR0040,2025-08-05T18:53:33.362150,read,0.45,0,0,employee
USR0054,2025-08-05T20:07:19.363082,download,4.65,1,0,employee
USR0048,2025-08-05T21:00:13.362695,modify,1.79,1,0,employee
USR0068,2025-08-06T00:35:58.364051,read,0.1,1,0,employee
USR0052,2025-08-06T02:02:48.362975,read,0.39,1,0,employee
USR0057,2025-08-06T02:06:08.363350,read,0.01,1,0,employee
USR0029,2025-08-06T03:51:10.361399,escalate,0.0,1,0,employee
USR0057,2025-08-06T04:39:48.363350,read,0.31,1,0,employee
USR0055,2025-08-06T04:54:00.363181,read,0.4,1,0,employee
USR0057,2025-08-06T06:33:49.363350,read,0.49,1,0,employee
USR0018,2025-08-06T07:18:13.360686,download,4.11,0,0,contractor
USR0048,2025-08-06T11:15:54.362695,download,1.07,0,0,employee
USR0069,2025-08-06T11:36:28.364141,read,0.34,0,0,employee
USR0034,2025-08-06T11:50:13.361720,read,0.18,0,0,employee
USR0055,2025-08-06T12:49:33.363181,read,0.0,0,0,employee
USR0075,2025-08-06T12:55:34.364638,write,4.02,0,0,employee
USR0026,2025-08-06T13:24:05.361245,escalate,0.03,0,0,employee
USR0083,2025-08-06T13:41:23.365305,read,0.13,0,0,contractor
USR0028,2025-08-06T13:54:59.361358,read,0.36,0,0,employee
USR0042,2025-08-06T14:05:04.362309,write,2.17,0,0,employee
USR0045,2025-08-06T15:02:26.362493,read,0.41,0,0,employee
USR0087,2025-08-06T15:04:35.365674,read,0.47,0,0,employee
USR0086,2025-08-06T17:52:08.365526,escalate,0.05,0,0,employee
USR0066,2025-08-06T20:16:08.363923,write,3.16,1,0,employee
USR0073,2025-08-06T21:53:06.364456,download,3.03,1,0,employee
USR0017,2025-08-06T23:04:42.360599,download,0.38,1,0,employee
USR0040,2025-08-07T03:01:51.362150,read,0.34,1,0,employee
USR0049,2025-08-07T04:41:42.362775,read,0.45,1,0,employee
USR0004,2025-08-07T04:57:15.359533,read,0.04,1,0,employee
USR0064,2025-08-07T05:44:20.363810,modify,2.43,1,0,employee
USR0031,2025-08-07T06:47:29.361567,write,4.03,1,0,employee
USR0007,2025-08-07T08:39:56.359816,download,4.47,0,0,employee
USR0095,2025-08-07T09:04:47.366311,write,3.24,0,0,employee
USR0097,2025-08-07T09:46:01.366480,read,0.34,0,0,employee
USR0010,2025-08-07T15:17:16.360089,read,0.3,0,0,employee
USR0045,2025-08-07T20:10:18.362493,download,4.0,1,0,employee
USR0078,2025-08-07T20:23:13.364841,read,0.08,1,0,contractor
USR0035,2025-08-07T21:15:06.361798,read,0.03,1,0,employee
USR0011,2025-08-07T23:22:32.360166,read,0.24,1,0,employee
USR0090,2025-08-08T01:50:19.365932,download,4.5,1,0,employee
USR0071,2025-08-08T04:50:28.364278,write,0.47,1,0,employee
USR0008,2025-08-08T09:50:46.359905,write,0.62,0,0,employee
USR0049,2025-08-08T09:58:16.362775,escalate,0.38,0,0,employee
USR0070,2025-08-08T10:58:56.364203,read,0.01,0,0,employee
USR0066,2025-08-08T12:23:01.363923,write,2.26,0,0,employee
USR0024,2025-08-08T12:23:08.361063,read,0.42,0,0,contractor
USR0081,2025-08-08T13:30:46.365116,read,0.19,0,0,employee
USR0085,2025-08-08T13:41:45.365482,download,1.22,0,0,employee
USR0058,2025-08-08T15:22:04.363428,read,0.01,0,0,employee
USR0078,2025-08-08T20:27:58.364841,read,0.12,1,0,contractor
USR0013,2025-08-08T21:57:40.360304,modify,1.43,1,0,employee
USR0099,2025-08-08T23:43:04.366628,read,0.17,1,0,employee
USR0013,2025-08-09T00:35:09.360304,read,0.36,1,1,employee
USR0079,2025-08-09T00:56:49.364947,download,4.49,1,0,contractor
USR0062,2025-08-09T01:12:55.363654,read,0.33,1,0,employee
USR0078,2025-08-09T04:55:53.364841,read,0.19,1,0,contractor
USR0041,2025-08-09T05:11:44.362244,read,0.21,1,0,employee
USR0059,2025-08-09T05:17:53.363493,read,0.43,1,0,employee
USR0030,2025-08-09T07:15:30.361483,read,0.15,0,0,employee
USR0050,2025-08-09T07:28:06.362822,read,0.02,0,0,employee
USR0005,2025-08-09T08:52:23.359622,download,4.82,0,0,employee
USR0048,2025-08-09T10:37:18.362695,read,0.1,0,0,employee
USR0012,2025-08-09T11:18:19.360247,write,1.37,0,0,employee
USR0004,2025-08-09T11:51:17.359533,read,0.22,0,0,employee
USR0085,2025-08-09T12:21:17.365482,read,0.18,0,0,employee
USR0050,2025-08-09T13:02:03.362822,read,0.32,0,0,employee
USR0007,2025-08-09T14:43:33.359816,download,2.73,0,0,employee
USR0028,2025-08-09T15:53:56.361358,read,0.08,0,0,employee
USR0063,2025-08-09T17:51:20.363756,write,0.75,0,0,employee
USR0017,2025-08-09T19:48:28.360599,read,0.28,0,0,employee
USR0040,2025-08-09T19:48:53.362150,read,0.06,0,0,employee
USR0028,2025-08-09T20:25:41.361358,modify,0.9,1,0,employee
USR0082,2025-08-09T23:32:40.365216,read,0.28,1,0,employee
USR0089,2025-08-10T00:02:21.365852,read,0.14,1,0,employee
USR0068,2025-08-10T03:16:20.364051,read,0.17,1,0,employee
USR0041,2025-08-10T05:58:43.362244,read,0.41,1,0,employee
USR0071,2025-08-10T06:51:15.364278,read,0.18,1,0,employee
USR0071,2025-08-10T07:29:02.364278,read,0.38,0,0,employee
USR0045,2025-08-10T12:56:01.362493,write,0.07,0,0,employee
USR0071,2025-08-10T14:38:46.364278,read,0.24,0,0,employee
USR0067,2025-08-10T16:23:10.363980,read,0.35,0,0,employee
USR0081,2025-08-10T17:00:13.365116,modify,2.37,0,0,employee
USR0091,2025-08-10T19:35:56.365999,read,0.48,0,0,employee
USR0083,2025-08-10T19:53:01.365305,read,0.5,0,0,contractor
USR0018,2025-08-10T20:02:26.360686,delete,0.09,1,0,contractor
USR0037,2025-08-10T20:15:08.361941,escalate,0.13,1,0,employee
USR0045,2025-08-10T21:10:55.362493,download,4.56,1,0,employee
USR0008,2025-08-10T22:56:14.359905,read,0.32,1,0,employee
USR0016,2025-08-10T23:33:24.360532,read,0.3,1,0,employee
USR0099,2025-08-10T23:59:23.366628,download,2.61,1,0,employee
USR0002,2025-08-11T05:02:56.359416,read,0.14,1,0,employee
USR0005,2025-08-11T09:27:34.359622,download,2.64,0,0,employee
USR0045,2025-08-11T09:49:49.362493,download,1.6,0,0,employee
USR0014,2025-08-11T10:02:36.360363,read,0.49,0,0,contractor
USR0050,2025-08-11T11:45:37.362822,write,1.89,0,0,employee
USR0020,2025-08-11T12:42:23.360807,read,0.5,0,0,employee
USR0060,2025-08-11T12:52:49.363533,modify,0.9,0,0,employee
USR0040,2025-08-11T17:24:47.362150,write,4.55,0,0,employee
USR0037,2025-08-11T18:10:55.361941,download,1.53,0,0,employee
USR0001,2025-08-11T18:20:02.359340,read,0.41,0,0,contractor
USR0009,2025-08-11T18:29:15.359987,read,0.35,0,0,employee
USR0036,2025-08-11T21:25:57.361873,download,4.39,1,0,employee
USR0007,2025-08-11T22:59:15.359816,read,0.39,1,0,employee
USR0069,2025-08-11T23:21:10.364141,download,1.5,1,0,employee
USR0046,2025-08-12T00:08:45.362577,read,0.38,1,0,employee
USR0087,2025-08-12T03:29:03.365674,read,0.18,1,0,employee
USR0026,2025-08-12T06:45:11.361245,read,0.15,1,0,employee
USR0056,2025-08-12T07:31:37.363269,read,0.36,0,0,employee
USR0073,2025-08-12T08:27:49.364456,read,0.5,0,0,employee
USR0004,2025-08-12T09:13:53.359533,read,0.48,0,0,employee
USR0054,2025-08-12T09:57:17.363082,read,0.45,0,0,employee
USR0009,2025-08-12T13:08:05.359987,escalate,0.15,0,0,employee
USR0009,2025-08-12T14:06:01.359987,modify,0.66,0,0,employee
USR0008,2025-08-12T16:08:30.359905,read,0.37,0,0,employee
USR0089,2025-08-12T16:47:39.365852,download,4.69,0,0,employee
USR0049,2025-08-12T16:58:40.362775,read,0.13,0,0,employee
USR0076,2025-08-12T17:42:36.364729,read,0.27,0,0,employee
USR0084,2025-08-12T20:18:08.365404,read,0.14,1,0,employee
USR0034,2025-08-12T22:35:09.361720,read,0.05,1,1,employee
USR0072,2025-08-12T22:47:25.364363,write,3.06,1,0,employee
USR0096,2025-08-12T23:33:01.366394,read,0.12,1,0,employee
USR0074,2025-08-12T23:34:59.364498,read,0.07,1,0,employee
USR0012,2025-08-13T01:26:06.360247,read,0.17,1,0,employee
USR0056,2025-08-13T01:37:38.363269,modify,3.51,1,0,employee
USR0068,2025-08-13T02:18:36.364051,download,3.79,1,0,employee
USR0074,2025-08-13T03:50:38.364498,read,0.46,1,0,employee
USR0015,2025-08-13T04:16:45.360444,read,0.02,1,0,employee
USR0001,2025-08-13T05:32:19.359340,write,1.48,1,0,contractor
USR0081,2025-08-13T05:55:53.365116,download,0.45,1,0,employee
USR0035,2025-08-13T08:12:29.361798,write,4.91,0,0,employee
USR0025,2025-08-13T09:20:13.361161,read,0.4,0,0,employee
USR0078,2025-08-13T15:01:38.364841,write,3.08,0,0,contractor
USR0087,2025-08-13T15:21:41.365674,read,0.02,0,0,employee
USR0048,2025-08-13T15:38:35.362695,download,3.21,0,0,employee
USR0007,2025-08-13T16:46:41.359816,read,0.27,0,0,employee
USR0051,2025-08-13T17:05:30.362901,read,0.33,0,0,employee
USR0071,2025-08-13T17:57:23.364278,read,0.17,0,0,employee
USR0009,2025-08-13T18:10:47.359987,read,0.08,0,0,employee
USR0029,2025-08-13T18:34:34.361399,download,3.66,0,0,employee
USR0080,2025-08-13T18:46:59.365043,read,0.29,0,0,employee
USR0070,2025-08-13T19:32:12.364203,read,0.44,0,0,employee
USR0024,2025-08-13T19:58:06.361063,download,0.47,0,0,contractor
USR0036,2025-08-13T20:04:19.361873,delete,0.29,1,0,employee
USR0083,2025-08-13T21:24:10.365305,write,4.23,1,0,contractor
USR0079,2025-08-13T22:23:15.364947,read,0.18,1,0,contractor
USR0074,2025-08-13T23:22:41.364498,read,0.32,1,0,employee
USR0034,2025-08-14T00:01:47.361720,read,0.09,1,0,employee
USR0095,2025-08-14T01:06:25.366311,write,3.57,1,0,employee
USR0039,2025-08-14T01:22:01.362079,read,0.02,1,0,employee
USR0010,2025-08-14T03:06:46.360089,read,0.31,1,0,employee
USR0030,2025-08-14T03:58:45.361483,write,2.92,1,0,employee
USR0067,2025-08-14T04:01:32.363980,download,0.07,1,0,employee
USR0062,2025-08-14T07:26:16.363654,read,0.34,0,0,employee
USR0046,2025-08-14T07:31:55.362577,read,0.02,0,0,employee
USR0095,2025-08-14T08:56:34.366311,read,0.15,0,0,employee
USR0025,2025-08-14T10:46:52.361161,read,0.11,0,0,employee
USR0018,2025-08-14T11:09:19.360686,download,0.42,0,0,contractor
USR0058,2025-08-14T12:13:36.363428,read,0.48,0,0,employee
USR0062,2025-08-14T12:59:17.363654,read,0.43,0,0,employee
USR0084,2025-08-14T13:30:16.365404,read,0.17,0,0,employee
USR0035,2025-08-14T19:16:45.361798,download,2.08,0,0,employee
USR0039,2025-08-14T20:42:53.362079,read,0.37,1,0,employee
USR0064,2025-08-15T01:22:36.363810,read,0.36,1,0,employee
USR0041,2025-08-15T01:51:17.362244,read,0.48,1,0,employee
USR0053,2025-08-15T02:56:58.363016,read,0.49,1,0,employee
USR0055,2025-08-15T04:02:34.363181,read,0.42,1,0,employee
USR0033,2025-08-15T04:42:19.361668,read,0.09,1,1,employee
USR0024,2025-08-15T07:55:51.361063,download,4.07,0,0,contractor
USR0040,2025-08-15T08:36:39.362150,read,0.26,0,0,employee
USR0005,2025-08-15T10:27:36.359622,read,0.09,0,0,employee
USR0044,2025-08-15T10:34:53.362435,write,1.01,0,0,contractor
USR0047,2025-08-15T11:27:01.362633,read,0.23,0,0,employee
USR0087,2025-08-15T14:21:05.365674,download,3.31,0,0,employee
USR0100,2025-08-15T14:28:47.366708,read,0.21,0,0,employee
USR0061,2025-08-15T15:08:57.363596,read,0.36,0,0,employee
USR0071,2025-08-15T16:06:39.364278,modify,1.66,0,0,employee
USR0096,2025-08-15T17:03:06.366394,modify,4.53,0,0,employee
USR0054,2025-08-15T17:21:52.363082,read,0.0,0,0,employee
USR0045,2025-08-15T17:22:39.362493,download,2.81,0,0,employee
USR0078,2025-08-15T18:04:15.364841,read,0.45,0,0,contractor
USR0085,2025-08-15T20:30:57.365482,read,0.08,1,0,employee
USR0088,2025-08-16T00:09:42.365773,read,0.23,1,0,contractor
USR0011,2025-08-16T00:40:49.360166,download,1.91,1,0,employee
USR0070,2025-08-16T06:48:04.364203,read,0.07,1,0,employee
USR0026,2025-08-16T07:59:42.361245,download,0.09,0,0,employee
USR0091,2025-08-16T08:30:08.365999,read,0.45,0,0,employee
USR0074,2025-08-16T08:58:31.364498,read,0.03,0,0,employee
USR0090,2025-08-16T09:53:38.365932,delete,0.09,0,0,employee
USR0023,2025-08-16T10:49:03.360987,read,0.09,0,0,contractor
USR0023,2025-08-16T11:27:48.360987,write,0.57,0,0,contractor
USR0072,2025-08-16T11:40:29.364363,read,0.22,0,0,employee
USR0035,2025-08-16T14:26:19.361798,read,0.04,0,0,employee
USR0097,2025-08-16T17:46:30.366480,download,3.62,0,0,employee
USR0054,2025-08-16T17:56:02.363082,read,0.47,0,0,employee
USR0024,2025-08-16T18:48:45.361063,download,2.48,0,0,contractor
USR0014,2025-08-16T18:52:54.360363,read,0.09,0,0,contractor
USR0052,2025-08-16T19:50:37.362975,download,2.12,0,0,employee
USR0098,2025-08-16T20:22:53.366564,read,0.41,1,0,employee
USR0014,2025-08-16T20:46:01.360363,download,4.13,1,0,contractor
USR0015,2025-08-16T21:43:07.360444,read,0.32,1,0,employee
USR0030,2025-08-17T00:42:07.361483,download,1.87,1,0,employee
USR0055,2025-08-17T01:45:41.363181,read,0.48,1,0,employee
USR0002,2025-08-17T06:06:10.359416,write,3.05,1,0,employee
USR0048,2025-08-17T08:26:31.362695,write,0.37,0,0,employee
USR0009,2025-08-17T13:18:57.359987,read,0.22,0,0,employee
USR0001,2025-08-17T15:19:51.359340,download,1.57,0,0,contractor
USR0079,2025-08-17T16:57:50.364947,read,0.49,0,0,contractor
USR0039,2025-08-17T19:24:53.362079,read,0.43,0,0,employee
USR0044,2025-08-17T20:26:04.362435,download,3.56,1,0,contractor
USR0040,2025-08-17T21:42:49.362150,escalate,0.0,1,0,employee
USR0004,2025-08-17T22:18:28.359533,read,0.32,1,0,employee
USR0009,2025-08-17T23:40:19.359987,read,0.44,1,0,employee
USR0071,2025-08-18T00:22:39.364278,read,0.46,1,0,employee
USR0093,2025-08-18T00:40:11.366146,modify,1.99,1,0,employee
USR0065,2025-08-18T04:20:04.363860,write,3.03,1,0,employee
USR0025,2025-08-18T04:39:47.361161,write,2.6,1,0,employee
USR0082,2025-08-18T04:45:32.365216,delete,0.08,1,0,employee
USR0026,2025-08-18T04:49:32.361245,write,1.55,1,0,employee
USR0015,2025-08-18T07:10:19.360444,download,4.93,0,0,employee
USR0092,2025-08-18T08:23:01.366090,download,2.48,0,0,employee
USR0088,2025-08-18T10:39:49.365773,read,0.37,0,0,contractor
USR0059,2025-08-18T11:13:55.363493,read,0.08,0,0,employee
USR0037,2025-08-18T13:22:13.361941,download,1.88,0,0,employee
USR0033,2025-08-18T15:14:19.361668,write,0.53,0,0,employee
USR0066,2025-08-18T17:42:40.363923,read,0.2,0,0,employee
USR0062,2025-08-18T19:47:52.363654,read,0.37,0,0,employee
USR0065,2025-08-18T20:11:24.363860,download,2.35,1,0,employee
USR0020,2025-08-18T20:48:14.360807,delete,0.3,1,0,employee
USR0021,2025-08-18T21:35:39.360874,write,0.23,1,0,employee
USR0078,2025-08-18T23:22:26.364841,download,0.85,1,0,contractor
USR0019,2025-08-18T23:23:30.360733,read,0.3,1,0,contractor
USR0048,2025-08-19T02:42:29.362695,download,4.95,1,0,employee
USR0074,2025-08-19T04:22:16.364498,download,2.82,1,0,employee
USR0032,2025-08-19T04:24:20.361625,download,4.34,1,0,employee
USR0067,2025-08-19T04:43:32.363980,read,0.44,1,0,employee
USR0051,2025-08-19T05:49:36.362901,read,0.29,1,0,employee
USR0008,2025-08-19T05:59:00.359905,read,0.4,1,0,employee
USR0079,2025-08-19T06:42:07.364947,write,2.33,1,0,contractor
USR0073,2025-08-19T08:49:05.364456,read,0.25,0,0,employee
USR0016,2025-08-19T09:38:50.360532,download,2.8,0,0,employee
USR0091,2025-08-19T10:57:06.365999,read,0.2,0,0,employee
USR0075,2025-08-19T11:30:25.364638,write,0.29,0,0,employee
USR0045,2025-08-19T11:55:08.362493,modify,4.88,0,0,employee
USR0017,2025-08-19T13:18:28.360599,modify,4.79,0,0,employee
USR0020,2025-08-19T13:20:10.360807,download,1.83,0,0,employee
USR0045,2025-08-19T14:29:10.362493,modify,3.08,0,0,employee
USR0083,2025-08-19T18:01:20.365305,read,0.48,0,0,contractor
USR0001,2025-08-19T18:55:34.359340,download,2.16,0,0,contractor
USR0082,2025-08-19T18:56:12.365216,read,0.42,0,0,employee
USR0090,2025-08-19T22:43:14.365932,modify,2.43,1,1,employee
USR0005,2025-08-20T00:48:54.359622,download,2.54,1,0,employee
USR0099,2025-08-20T01:01:37.366628,read,0.41,1,0,employee
USR0077,2025-08-20T02:33:15.364791,read,0.34,1,0,employee
USR0017,2025-08-20T04:25:39.360599,escalate,0.22,1,0,employee
USR0065,2025-08-20T05:12:52.363860,download,3.28,1,0,employee
USR0060,2025-08-20T08:26:08.363533,write,0.52,0,0,employee
USR0062,2025-08-20T09:47:41.363654,download,1.75,0,0,employee
USR0063,2025-08-20T12:46:09.363756,read,0.03,0,0,employee
USR0062,2025-08-20T13:02:21.363654,read,0.25,0,0,employee
USR0080,2025-08-20T14:37:34.365043,read,0.01,0,0,employee
USR0098,2025-08-20T15:11:44.366564,read,0.38,0,0,employee
USR0003,2025-08-20T16:04:24.359480,read,0.3,0,1,employee
USR0030,2025-08-20T16:33:13.361483,download,0.12,0,0,employee
USR0037,2025-08-20T19:42:57.361941,write,0.05,0,0,employee
USR0025,2025-08-20T19:43:39.361161,read,0.18,0,0,employee
USR0010,2025-08-20T20:34:41.360089,read,0.29,1,0,employee
USR0046,2025-08-20T20:38:36.362577,modify,3.07,1,0,employee
USR0014,2025-08-20T21:27:01.360363,modify,0.57,1,0,contractor
USR0008,2025-08-20T22:04:45.359905,modify,3.19,1,0,employee
USR0045,2025-08-21T00:17:23.362493,read,0.21,1,0,employee
USR0097,2025-08-21T01:13:02.366480,download,2.52,1,0,employee
USR0053,2025-08-21T02:17:35.363016,read,0.04,1,0,employee
USR0056,2025-08-21T02:46:10.363269,read,0.05,1,0,employee
USR0019,2025-08-21T03:49:11.360733,download,2.51,1,0,contractor
USR0095,2025-08-21T04:57:45.366311,read,0.12,1,0,employee
USR0066,2025-08-21T06:55:59.363923,download,1.91,1,0,employee
USR0027,2025-08-21T07:02:27.361314,read,0.19,0,0,employee
USR0088,2025-08-21T07:46:01.365773,read,0.49,0,0,contractor
USR0094,2025-08-21T09:43:24.366216,download,4.79,0,0,employee
USR0025,2025-08-21T10:59:05.361161,read,0.32,0,0,employee
USR0082,2025-08-21T12:56:14.365216,read,0.34,0,0,employee
USR0067,2025-08-21T13:13:30.363980,download,2.74,0,0,employee
USR0089,2025-08-21T13:33:10.365852,read,0.29,0,0,employee
USR0040,2025-08-21T14:28:06.362150,read,0.2,0,0,employee
USR0084,2025-08-21T14:44:17.365404,read,0.37,0,0,employee
USR0020,2025-08-21T14:54:17.360807,download,0.14,0,0,employee
USR0034,2025-08-21T16:29:21.361720,download,3.26,0,0,employee
USR0020,2025-08-21T20:15:03.360807,read,0.22,1,0,employee
USR0020,2025-08-21T20:26:24.360807,read,0.31,1,0,employee
USR0080,2025-08-21T21:15:42.365043,download,3.49,1,0,employee
USR0051,2025-08-21T22:43:57.362901,read,0.24,1,0,employee
USR0035,2025-08-21T23:21:04.361798,modify,2.87,1,0,employee
USR0082,2025-08-22T01:27:35.365216,read,0.27,1,0,employee
USR0086,2025-08-22T01:32:40.365526,read,0.37,1,0,employee
USR0072,2025-08-22T04:36:06.364363,download,1.51,1,0,employee
USR0044,2025-08-22T05:55:04.362435,modify,4.85,1,0,contractor
USR0079,2025-08-22T08:00:42.364947,write,0.8,0,0,contractor
USR0041,2025-08-22T08:22:04.362244,write,3.99,0,0,employee
USR0070,2025-08-22T09:05:33.364203,write,1.04,0,0,employee
USR0054,2025-08-22T09:08:38.363082,read,0.11,0,0,employee
USR0004,2025-08-22T10:40:54.359533,read,0.16,0,0,employee
USR0095,2025-08-22T16:04:42.366311,read,0.1,0,0,employee
USR0015,2025-08-22T17:09:25.360444,write,3.48,0,0,employee
USR0071,2025-08-22T18:20:38.364278,read,0.23,0,0,employee
USR0087,2025-08-22T19:04:34.365674,read,0.06,0,0,employee
USR0079,2025-08-22T20:42:53.364947,read,0.1,1,0,contractor
USR0039,2025-08-23T03:51:48.362079,write,0.89,1,0,employee
USR0084,2025-08-23T04:16:51.365404,download,4.01,1,0,employee
USR0076,2025-08-23T06:38:50.364729,download,1.29,1,0,employee
USR0096,2025-08-23T08:34:05.366394,read,0.24,0,1,employee
USR0013,2025-08-23T11:25:15.360304,download,2.84,0,0,employee
USR0055,2025-08-23T13:22:48.363181,read,0.26,0,0,employee
USR0096,2025-08-23T13:28:18.366394,download,0.75,0,0,employee
USR0007,2025-08-23T13:45:22.359816,read,0.01,0,0,employee
USR0032,2025-08-23T15:53:58.361625,read,0.26,0,0,employee
USR0005,2025-08-23T15:54:47.359622,modify,4.99,0,0,employee
USR0087,2025-08-23T17:11:03.365674,read,0.2,0,0,employee
USR0093,2025-08-23T18:31:53.366146,read,0.36,0,0,employee
USR0078,2025-08-23T18:46:03.364841,read,0.03,0,0,contractor
USR0010,2025-08-23T19:37:43.360089,download,2.16,0,0,employee
USR0060,2025-08-23T19:42:40.363533,modify,3.28,0,0,employee
USR0040,2025-08-23T21:21:33.362150,read,0.26,1,0,employee
USR0078,2025-08-23T22:21:10.364841,read,0.17,1,0,contractor
USR0086,2025-08-23T23:37:17.365526,read,0.14,1,0,employee
USR0090,2025-08-24T00:28:48.365932,download,0.43,1,0,employee
USR0097,2025-08-24T01:08:41.366480,download,3.85,1,0,employee
USR0100,2025-08-24T01:58:10.366708,download,0.6,1,0,employee
USR0078,2025-08-24T03:13:19.364841,read,0.4,1,0,contractor
USR0066,2025-08-24T03:36:40.363923,write,3.71,1,0,employee
USR0084,2025-08-24T04:54:16.365404,read,0.25,1,0,employee
USR0006,2025-08-24T05:22:25.359723,download,2.75,1,0,employee
USR0054,2025-08-24T06:33:35.363082,download,1.32,1,0,employee
USR0017,2025-08-24T10:26:35.360599,read,0.46,0,0,employee
USR0085,2025-08-24T10:48:51.365482,download,4.71,0,0,employee
USR0023,2025-08-24T12:29:58.360987,download,1.49,0,0,contractor
USR0058,2025-08-24T17:24:21.363428,write,1.99,0,0,employee
USR0031,2025-08-24T18:03:13.361567,write,2.43,0,0,employee
USR0035,2025-08-24T18:33:33.361798,escalate,0.05,0,0,employee
USR0063,2025-08-24T18:35:00.363756,download,2.75,0,0,employee
USR0045,2025-08-24T19:05:23.362493,write,3.78,0,0,employee
USR0029,2025-08-24T20:52:51.361399,read,0.1,1,0,employee
USR0069,2025-08-24T22:05:00.364141,read,0.17,1,0,employee
USR0089,2025-08-24T23:24:54.365852,write,1.51,1,0,employee
USR0025,2025-08-25T00:43:08.361161,read,0.31,1,0,employee
USR0098,2025-08-25T07:52:04.366564,read,0.42,0,0,employee
USR0052,2025-08-25T07:56:36.362975,download,4.28,0,0,employee
USR0047,2025-08-25T08:19:06.362633,read,0.19,0,0,employee
USR0079,2025-08-25T09:40:17.364947,write,4.32,0,0,contractor
USR0093,2025-08-25T10:42:36.366146,modify,2.36,0,0,employee
USR0065,2025-08-25T11:03:45.363860,write,1.16,0,0,employee
USR0050,2025-08-25T11:06:06.362822,read,0.12,0,0,employee
USR0035,2025-08-25T11:31:07.361798,write,4.83,0,0,employee
USR0081,2025-08-25T11:58:10.365116,download,4.5,0,0,employee
USR0030,2025-08-25T13:06:38.361483,read,0.18,0,0,employee
USR0068,2025-08-25T13:06:50.364051,read,0.31,0,0,employee
USR0095,2025-08-25T14:28:38.366311,read,0.49,0,0,employee
USR0058,2025-08-25T15:00:01.363428,read,0.28,0,0,employee
USR0024,2025-08-25T18:20:05.361063,download,0.09,0,0,contractor
USR0048,2025-08-25T18:44:31.362695,read,0.22,0,0,employee
USR0055,2025-08-25T20:22:19.363181,write,1.59,1,0,employee
USR0096,2025-08-25T21:06:29.366394,read,0.45,1,0,employee
USR0037,2025-08-25T21:51:32.361941,download,4.4,1,0,employee
USR0089,2025-08-26T04:07:34.365852,read,0.37,1,0,employee
USR0053,2025-08-26T05:00:25.363016,write,3.56,1,0,employee
USR0030,2025-08-26T06:19:05.361483,write,0.31,1,0,employee
USR0003,2025-08-26T06:34:45.359480,write,3.37,1,0,employee
USR0093,2025-08-26T07:35:23.366146,download,4.05,0,1,employee
USR0083,2025-08-26T07:53:22.365305,read,0.16,0,0,contractor
USR0070,2025-08-26T08:55:32.364203,read,0.14,0,0,employee
USR0051,2025-08-26T09:58:57.362901,download,1.72,0,0,employee
USR0068,2025-08-26T10:38:09.364051,read,0.02,0,0,employee
USR0086,2025-08-26T10:55:31.365526,read,0.38,0,0,employee
USR0024,2025-08-26T14:31:22.361063,download,3.45,0,0,contractor
USR0050,2025-08-26T15:10:07.362822,read,0.35,0,0,employee
USR0051,2025-08-26T16:26:17.362901,write,4.14,0,0,employee
USR0097,2025-08-26T17:13:36.366480,read,0.28,0,0,employee
USR0022,2025-08-26T20:19:28.360921,modify,3.71,1,0,employee
USR0046,2025-08-26T20:42:43.362577,read,0.48,1,0,employee
USR0017,2025-08-26T20:53:21.360599,download,1.77,1,0,employee
USR0043,2025-08-26T21:59:29.362384,download,0.54,1,0,contractor
USR0022,2025-08-26T22:35:00.360921,escalate,0.08,1,0,employee
USR0039,2025-08-26T23:10:17.362079,read,0.01,1,0,employee
USR0042,2025-08-27T03:12:21.362309,modify,3.73,1,1,employee
USR0016,2025-08-27T06:22:27.360532,write,4.61,1,0,employee
USR0040,2025-08-27T08:31:14.362150,read,0.32,0,0,employee
USR0066,2025-08-27T08:32:16.363923,write,4.38,0,0,employee
USR0054,2025-08-27T08:35:24.363082,read,0.35,0,0,employee
USR0082,2025-08-27T09:43:24.365216,read,0.0,0,0,employee
USR0056,2025-08-27T13:04:10.363269,read,0.38,0,0,employee
USR0080,2025-08-27T16:31:42.365043,read,0.33,0,0,employee
USR0017,2025-08-27T17:15:56.360599,read,0.4,0,0,employee
USR0004,2025-08-27T17:28:48.359533,read,0.2,0,0,employee
USR0064,2025-08-27T19:56:42.363810,modify,1.39,0,0,employee
USR0057,2025-08-27T20:03:15.363350,read,0.2,1,0,employee
USR0050,2025-08-27T21:17:59.362822,read,0.33,1,0,employee
USR0097,2025-08-27T22:07:22.366480,modify,3.78,1,0,employee
USR0062,2025-08-28T00:11:56.363654,read,0.28,1,0,employee
USR0063,2025-08-28T01:21:12.363756,download,1.07,1,0,employee
USR0075,2025-08-28T01:45:13.364638,read,0.29,1,0,employee
USR0006,2025-08-28T02:32:58.359723,read,0.22,1,0,employee
USR0050,2025-08-28T02:35:10.362822,write,0.7,1,0,employee
USR0072,2025-08-28T07:33:46.364363,write,2.24,0,0,employee
USR0014,2025-08-28T07:54:29.360363,read,0.48,0,0,contractor
USR0024,2025-08-28T09:24:27.361063,download,0.24,0,0,contractor
USR0055,2025-08-28T09:51:27.363181,write,4.64,0,0,employee
USR0070,2025-08-28T11:01:47.364203,write,0.03,0,0,employee
USR0068,2025-08-28T11:34:48.364051,read,0.03,0,0,employee
USR0034,2025-08-28T11:51:14.361720,read,0.37,0,0,employee
USR0090,2025-08-28T12:59:23.365932,read,0.13,0,0,employee
USR0006,2025-08-28T14:35:10.359723,read,0.03,0,0,employee
USR0079,2025-08-28T14:47:05.364947,read,0.05,0,0,contractor
USR0095,2025-08-28T16:42:38.366311,read,0.13,0,0,employee
USR0065,2025-08-28T17:21:52.363860,read,0.34,0,0,employee
USR0019,2025-08-28T17:37:26.360733,read,0.38,0,0,contractor
USR0026,2025-08-28T19:02:40.361245,read,0.02,0,0,employee
USR0029,2025-08-28T22:32:42.361399,delete,0.07,1,0,employee
USR0028,2025-08-29T03:07:46.361358,read,0.19,1,0,employee
USR0068,2025-08-29T03:30:22.364051,write,4.9,1,0,employee
USR0074,2025-08-29T04:42:49.364498,read,0.08,1,0,employee
USR0090,2025-08-29T05:32:29.365932,read,0.33,1,0,employee
USR0091,2025-08-29T07:18:45.365999,escalate,0.25,0,0,employee
USR0058,2025-08-29T09:12:46.363428,read,0.18,0,0,employee
USR0024,2025-08-29T10:04:25.361063,download,2.06,0,0,contractor
USR0100,2025-08-29T10:18:38.366708,write,1.98,0,0,employee
USR0040,2025-08-29T13:04:59.362150,read,0.36,0,0,employee
USR0031,2025-08-29T13:50:22.361567,modify,0.51,0,0,employee
USR0062,2025-08-29T15:29:31.363654,write,3.87,0,0,employee
USR0025,2025-08-29T16:43:57.361161,read,0.37,0,0,employee
USR0045,2025-08-29T17:07:58.362493,read,0.16,0,0,employee
USR0059,2025-08-29T17:26:52.363493,read,0.18,0,1,employee
USR0076,2025-08-29T23:35:54.364729,read,0.03,1,0,employee
USR0091,2025-08-30T01:51:32.365999,modify,3.03,1,0,employee
USR0069,2025-08-30T02:07:08.364141,download,2.69,1,0,employee
USR0095,2025-08-30T03:51:29.366311,write,1.8,1,0,employee
USR0062,2025-08-30T06:22:29.363654,delete,0.1,1,0,employee
USR0012,2025-08-30T06:50:27.360247,read,0.38,1,0,employee
USR0039,2025-08-30T11:59:08.362079,read,0.44,0,0,employee
USR0096,2025-08-30T13:32:14.366394,read,0.25,0,0,employee
USR0055,2025-08-30T14:25:47.363181,write,4.9,0,0,employee
USR0082,2025-08-30T15:08:40.365216,read,0.07,0,0,employee
USR0092,2025-08-30T16:42:41.366090,read,0.47,0,0,employee
USR0017,2025-08-30T16:55:51.360599,read,0.0,0,0,employee
USR0054,2025-08-30T17:42:28.363082,download,1.18,0,0,employee
USR0038,2025-08-30T17:47:59.362030,download,1.72,0,0,employee
USR0023,2025-08-30T20:36:39.360987,write,2.1,1,0,contractor
USR0075,2025-08-30T21:14:39.364638,download,1.27,1,0,employee
USR0024,2025-08-30T21:41:13.361063,read,0.04,1,0,contractor
USR0055,2025-08-30T21:45:57.363181,read,0.48,1,0,employee
USR0094,2025-08-30T22:37:19.366216,write,2.92,1,0,employee
USR0094,2025-08-30T23:53:01.366216,modify,4.19,1,0,employee
USR0041,2025-08-31T00:44:21.362244,delete,0.09,1,0,employee
USR0050,2025-08-31T01:16:48.362822,write,1.77,1,0,employee
USR0062,2025-08-31T02:45:01.363654,read,0.3,1,0,employee
USR0030,2025-08-31T02:47:47.361483,download,0.71,1,1,employee
USR0096,2025-08-31T02:57:05.366394,download,0.45,1,0,employee
USR0089,2025-08-31T03:08:22.365852,modify,3.17,1,0,employee
USR0011,2025-08-31T04:00:50.360166,escalate,0.24,1,0,employee
USR0077,2025-08-31T06:07:31.364791,download,0.36,1,0,employee
USR0045,2025-08-31T07:23:16.362493,write,3.88,0,0,employee
USR0056,2025-08-31T08:32:21.363269,modify,2.71,0,0,employee
USR0020,2025-08-31T10:42:59.360807,download,3.17,0,0,employee
USR0020,2025-08-31T11:54:35.360807,write,3.48,0,0,employee
USR0081,2025-08-31T13:56:17.365116,write,3.69,0,0,employee
USR0079,2025-08-31T16:38:31.364947,read,0.42,0,0,contractor
USR0056,2025-08-31T17:20:13.363269,write,1.56,0,0,employee
USR0070,2025-08-31T17:55:05.364203,write,0.96,0,0,employee
USR0025,2025-08-31T23:47:41.361161,write,3.06,1,0,employee
USR0008,2025-09-01T01:02:37.359905,read,0.28,1,0,employee
USR0001,2025-09-01T02:07:01.359340,read,0.48,1,0,contractor
USR0036,2025-09-01T04:52:40.361873,modify,1.15,1,0,employee
USR0076,2025-09-01T05:18:13.364729,read,0.33,1,1,employee
USR0038,2025-09-01T05:32:09.362030,read,0.03,1,0,employee
USR0054,2025-09-01T05:35:35.363082,read,0.19,1,0,employee
USR0038,2025-09-01T06:28:19.362030,download,2.92,1,0,employee
USR0091,2025-09-01T08:26:59.365999,write,4.07,0,0,employee
USR0068,2025-09-01T09:20:00.364051,download,1.31,0,0,employee
USR0074,2025-09-01T12:22:47.364498,read,0.22,0,0,employee
USR0094,2025-09-01T16:03:44.366216,read,0.07,0,0,employee
USR0069,2025-09-01T17:31:16.364141,write,2.41,0,0,employee
USR0086,2025-09-01T18:03:26.365526,read,0.25,0,0,employee
USR0094,2025-09-01T20:32:51.366216,download,0.63,1,0,employee
USR0093,2025-09-01T20:38:41.366146,escalate,0.07,1,0,employee
USR0082,2025-09-01T23:56:29.365216,write,1.12,1,0,employee
USR0083,2025-09-02T00:34:00.365305,download,2.37,1,0,contractor
USR0006,2025-09-02T01:12:48.359723,modify,4.09,1,0,employee
USR0095,2025-09-02T01:13:55.366311,read,0.29,1,0,employee
USR0045,2025-09-02T05:08:45.362493,read,0.29,1,0,employee
USR0057,2025-09-02T05:29:16.363350,write,0.95,1,0,employee
USR0089,2025-09-02T06:52:13.365852,download,2.06,1,0,employee
USR0012,2025-09-02T07:30:38.360247,download,1.2,0,0,employee
USR0093,2025-09-02T08:17:00.366146,read,0.4,0,0,employee
USR0097,2025-09-02T08:23:49.366480,read,0.06,0,0,employee
USR0082,2025-09-02T08:42:46.365216,modify,2.87,0,0,employee
USR0013,2025-09-02T11:47:24.360304,read,0.12,0,0,employee
USR0012,2025-09-02T14:05:13.360247,read,0.41,0,0,employee
USR0041,2025-09-02T14:21:14.362244,read,0.18,0,0,employee
USR0040,2025-09-02T14:57:40.362150,read,0.36,0,0,employee
USR0056,2025-09-02T16:11:34.363269,download,0.15,0,0,employee
USR0029,2025-09-02T16:44:56.361399,read,0.48,0,0,employee
USR0084,2025-09-02T16:54:35.365404,read,0.42,0,0,employee
USR0035,2025-09-02T17:15:11.361798,read,0.29,0,0,employee
USR0043,2025-09-02T17:39:15.362384,read,0.47,0,0,contractor
USR0098,2025-09-02T17:58:45.366564,modify,4.49,0,0,employee
USR0064,2025-09-02T18:50:50.363810,read,0.1,0,0,employee
USR0057,2025-09-02T19:50:32.363350,read,0.35,0,0,employee
USR0054,2025-09-02T22:56:23.363082,download,2.56,1,0,employee
USR0067,2025-09-02T23:19:51.363980,download,4.48,1,0,employee
USR0076,2025-09-02T23:40:40.364729,modify,1.3,1,0,employee
USR0017,2025-09-03T01:07:52.360599,write,1.44,1,0,employee
USR0099,2025-09-03T02:22:16.366628,download,4.71,1,0,employee
USR0041,2025-09-03T03:03:54.362244,download,0.24,1,0,employee
USR0081,2025-09-03T04:23:17.365116,read,0.18,1,0,employee
USR0024,2025-09-03T06:59:43.361063,read,0.33,1,0,contractor
USR0040,2025-09-03T08:08:41.362150,read,0.47,0,0,employee
USR0078,2025-09-03T09:42:06.364841,read,0.11,0,0,contractor
USR0089,2025-09-03T11:13:03.365852,write,2.96,0,0,employee
USR0057,2025-09-03T11:25:35.363350,read,0.08,0,0,employee
USR0069,2025-09-03T12:59:44.364141,escalate,0.4,0,0,employee
USR0062,2025-09-03T13:02:19.363654,download,1.62,0,0,employee
USR0016,2025-09-03T14:02:59.360532,read,0.36,0,0,employee
USR0020,2025-09-03T14:58:12.360807,read,0.2,0,0,employee
USR0033,2025-09-03T16:26:49.361668,download,2.84,0,0,employee
USR0025,2025-09-03T16:40:51.361161,read,0.04,0,0,employee
USR0070,2025-09-03T17:44:09.364203,read,0.01,0,0,employee
USR0070,2025-09-03T18:27:33.364203,read,0.45,0,0,employee
USR0021,2025-09-03T18:56:04.360874,modify,2.16,0,1,employee
USR0029,2025-09-03T21:26:36.361399,download,2.3,1,0,employee
USR0082,2025-09-03T21:50:47.365216,modify,3.56,1,0,employee
USR0030,2025-09-03T22:09:20.361483,read,0.23,1,0,employee
USR0048,2025-09-03T23:15:54.362695,read,0.34,1,0,employee
USR0040,2025-09-04T02:34:59.362150,download,4.16,1,0,employee
USR0082,2025-09-04T03:28:06.365216,read,0.16,1,0,employee
USR0014,2025-09-04T04:11:38.360363,write,2.65,1,0,contractor
USR0011,2025-09-04T06:13:28.360166,read,0.1,1,0,employee
USR0069,2025-09-04T06:26:43.364141,read,0.27,1,0,employee
USR0083,2025-09-04T07:10:27.365305,read,0.5,0,0,contractor
USR0030,2025-09-04T07:41:32.361483,read,0.2,0,0,employee
USR0035,2025-09-04T07:47:55.361798,read,0.41,0,0,employee
USR0010,2025-09-04T08:14:05.360089,write,2.51,0,0,employee
USR0009,2025-09-04T09:58:58.359987,modify,4.48,0,0,employee
USR0006,2025-09-04T10:23:44.359723,read,0.5,0,0,employee
USR0090,2025-09-04T12:53:43.365932,write,4.15,0,0,employee
USR0014,2025-09-04T13:54:52.360363,download,2.71,0,0,contractor
USR0037,2025-09-04T14:15:09.361941,write,2.12,0,0,employee
USR0003,2025-09-04T15:27:03.359480,read,0.16,0,1,employee
USR0040,2025-09-04T16:30:39.362150,read,0.35,0,0,employee
USR0065,2025-09-04T17:11:16.363860,download,0.93,0,0,employee
USR0088,2025-09-04T17:22:01.365773,download,1.71,0,0,contractor
USR0010,2025-09-04T17:57:42.360089,delete,0.24,0,0,employee
USR0094,2025-09-04T18:39:00.366216,read,0.48,0,0,employee
USR0023,2025-09-04T19:34:04.360987,download,4.82,0,0,contractor
USR0056,2025-09-04T19:44:58.363269,read,0.08,0,0,employee
USR0094,2025-09-05T00:33:05.366216,read,0.02,1,0,employee
USR0055,2025-09-05T00:48:14.363181,escalate,0.41,1,0,employee
USR0026,2025-09-05T02:43:05.361245,read,0.22,1,0,employee
USR0091,2025-09-05T02:45:30.365999,write,4.4,1,0,employee
USR0056,2025-09-05T03:39:47.363269,download,1.55,1,0,employee
USR0009,2025-09-05T04:00:40.359987,read,0.3,1,0,employee
USR0092,2025-09-05T09:32:14.366090,read,0.23,0,0,employee
USR0034,2025-09-05T09:48:56.361720,write,0.52,0,0,employee
USR0036,2025-09-05T10:21:13.361873,modify,0.07,0,0,employee
USR0060,2025-09-05T12:33:17.363533,read,0.2,0,0,employee
USR0005,2025-09-05T14:29:41.359622,read,0.34,0,0,employee
USR0044,2025-09-05T15:14:01.362435,download,4.21,0,0,contractor
USR0001,2025-09-05T15:51:29.359340,read,0.4,0,0,contractor
USR0033,2025-09-05T17:00:11.361668,read,0.4,0,0,employee
USR0084,2025-09-05T17:00:42.365404,read,0.1,0,0,employee
USR0069,2025-09-05T20:04:50.364141,download,2.86,1,0,employee
USR0038,2025-09-05T22:54:27.362030,read,0.01,1,0,employee
USR0055,2025-09-05T23:36:16.363181,download,1.31,1,0,employee
USR0023,2025-09-06T00:52:59.360987,download,3.09,1,0,contractor
USR0036,2025-09-06T01:12:49.361873,read,0.4,1,0,employee
USR0100,2025-09-06T05:13:19.366708,modify,2.45,1,0,employee
USR0065,2025-09-06T08:34:20.363860,download,4.11,0,0,employee
USR0002,2025-09-06T09:24:50.359416,read,0.21,0,0,employee
USR0077,2025-09-06T09:50:41.364791,read,0.15,0,0,employee
USR0017,2025-09-06T09:55:30.360599,read,0.31,0,0,employee
USR0011,2025-09-06T13:07:39.360166,write,1.15,0,0,employee
USR0019,2025-09-06T14:16:11.360733,read,0.0,0,0,contractor
USR0039,2025-09-06T23:21:49.362079,download,0.45,1,0,employee
USR0081,2025-09-06T23:30:31.365116,read,0.1,1,0,employee
USR0034,2025-09-06T23:38:10.361720,read,0.14,1,0,employee
USR0038,2025-09-07T00:52:51.362030,delete,0.09,1,0,employee
USR0033,2025-09-07T01:31:38.361668,download,2.87,1,0,employee
USR0042,2025-09-07T05:34:51.362309,write,4.45,1,0,employee
USR0053,2025-09-07T05:54:02.363016,write,2.58,1,0,employee
USR0054,2025-09-07T09:27:40.363082,download,0.65,0,0,employee
USR0003,2025-09-07T11:37:42.359480,read,0.33,0,0,employee
USR0096,2025-09-07T12:39:00.366394,read,0.41,0,0,employee
USR0043,2025-09-07T12:42:11.362384,read,0.39,0,0,contractor
USR0072,2025-09-07T14:40:08.364363,read,0.07,0,0,employee
USR0056,2025-09-07T17:59:19.363269,download,2.75,0,0,employee
USR0097,2025-09-07T18:30:20.366480,download,3.03,0,0,employee
USR0040,2025-09-07T19:40:35.362150,read,0.22,0,0,employee
USR0083,2025-09-07T21:00:20.365305,download,2.09,1,0,contractor
USR0012,2025-09-08T00:22:07.360247,escalate,0.07,1,0,employee
USR0027,2025-09-08T01:09:53.361314,download,1.68,1,0,employee
USR0097,2025-09-08T01:18:08.366480,read,0.24,1,0,employee
USR0034,2025-09-08T01:24:34.361720,download,2.47,1,0,employee
USR0054,2025-09-08T02:57:32.363082,read,0.39,1,0,employee
USR0015,2025-09-08T03:38:45.360444,escalate,0.28,1,0,employee
USR0023,2025-09-08T04:00:23.360987,download,4.12,1,0,contractor
USR0054,2025-09-08T04:24:14.363082,read,0.24,1,0,employee
USR0024,2025-09-08T05:31:35.361063,download,2.02,1,0,contractor
USR0046,2025-09-08T07:27:04.362577,read,0.26,0,0,employee
USR0083,2025-09-08T11:59:59.365305,escalate,0.12,0,0,contractor
USR0032,2025-09-08T12:45:43.361625,read,0.3,0,1,employee
USR0023,2025-09-08T13:28:03.360987,download,0.22,0,0,contractor
USR0082,2025-09-08T16:06:52.365216,read,0.03,0,0,employee
USR0002,2025-09-08T17:13:35.359416,download,4.61,0,0,employee
USR0004,2025-09-08T18:33:09.359533,read,0.08,0,0,employee
USR0043,2025-09-08T20:49:01.362384,read,0.21,1,0,contractor
USR0062,2025-09-08T22:01:16.363654,read,0.02,1,0,employee
USR0061,2025-09-09T03:23:54.363596,modify,2.98,1,0,employee
USR0059,2025-09-09T03:52:26.363493,read,0.37,1,0,employee
USR0078,2025-09-09T06:25:20.364841,read,0.31,1,0,contractor
USR0041,2025-09-09T08:38:39.362244,escalate,0.42,0,0,employee
USR0025,2025-09-09T09:09:31.361161,read,0.45,0,0,employee
USR0094,2025-09-09T09:31:26.366216,read,0.5,0,0,employee
USR0007,2025-09-09T09:33:03.359816,escalate,0.32,0,0,employee
USR0083,2025-09-09T10:37:31.365305,write,0.44,0,0,contractor
USR0026,2025-09-09T10:42:11.361245,download,4.23,0,0,employee
USR0050,2025-09-09T11:03:36.362822,read,0.31,0,0,employee
USR0055,2025-09-09T11:52:40.363181,write,4.05,0,0,employee
USR0098,2025-09-09T11:57:43.366564,download,2.08,0,0,employee
USR0091,2025-09-09T15:07:48.365999,read,0.04,0,0,employee
USR0008,2025-09-09T15:51:34.359905,read,0.43,0,0,employee
USR0089,2025-09-09T15:54:49.365852,write,2.66,0,0,employee
USR0028,2025-09-09T17:24:36.361358,read,0.14,0,0,employee
USR0081,2025-09-09T17:26:33.365116,delete,0.39,0,0,employee
USR0062,2025-09-10T00:38:54.363654,read,0.14,1,0,employee
USR0087,2025-09-10T01:29:01.365674,modify,2.56,1,0,employee
USR0006,2025-09-10T02:24:53.359723,write,0.56,1,0,employee
USR0029,2025-09-10T03:25:23.361399,download,1.64,1,0,employee
USR0074,2025-09-10T04:08:01.364498,read,0.32,1,0,employee
USR0029,2025-09-10T04:55:39.361399,download,1.89,1,0,employee
USR0050,2025-09-10T06:07:46.362822,read,0.24,1,0,employee
USR0083,2025-09-10T06:35:00.365305,read,0.28,1,0,contractor
USR0003,2025-09-10T07:34:10.359480,read,0.11,0,0,employee
USR0070,2025-09-10T11:08:08.364203,escalate,0.3,0,0,employee
USR0025,2025-09-10T11:44:31.361161,write,1.25,0,0,employee
USR0082,2025-09-10T11:52:42.365216,read,0.14,0,0,employee
USR0083,2025-09-10T14:02:34.365305,write,2.32,0,0,contractor
USR0007,2025-09-10T15:08:27.359816,read,0.02,0,0,employee
USR0033,2025-09-10T15:48:46.361668,modify,3.66,0,0,employee
USR0063,2025-09-10T16:20:56.363756,read,0.45,0,0,employee
USR0037,2025-09-10T16:33:26.361941,read,0.08,0,0,employee
USR0022,2025-09-10T17:02:42.360921,read,0.4,0,0,employee
USR0070,2025-09-10T17:16:08.364203,read,0.12,0,0,employee
USR0015,2025-09-10T17:50:25.360444,read,0.06,0,0,employee
USR0091,2025-09-10T18:24:33.365999,read,0.49,0,0,employee
USR0052,2025-09-10T19:09:58.362975,read,0.28,0,0,employee
USR0015,2025-09-10T20:36:03.360444,read,0.34,1,0,employee
USR0003,2025-09-10T21:52:47.359480,delete,0.24,1,0,employee
USR0018,2025-09-11T00:09:07.360686,read,0.45,1,0,contractor
USR0015,2025-09-11T00:54:48.360444,read,0.03,1,0,employee
USR0100,2025-09-11T01:18:29.366708,download,0.42,1,0,employee
USR0059,2025-09-11T01:32:55.363493,escalate,0.09,1,0,employee
USR0018,2025-09-11T05:01:57.360686,modify,4.48,1,0,contractor
USR0055,2025-09-11T05:24:52.363181,read,0.43,1,0,employee
USR0075,2025-09-11T06:16:59.364638,escalate,0.12,1,0,employee
USR0017,2025-09-11T06:22:26.360599,modify,2.3,1,0,employee
USR0004,2025-09-11T07:13:51.359533,read,0.48,0,0,employee
USR0064,2025-09-11T08:22:53.363810,read,0.19,0,0,employee
USR0020,2025-09-11T08:27:11.360807,download,1.91,0,0,employee
USR0045,2025-09-11T08:46:31.362493,delete,0.46,0,0,employee
USR0093,2025-09-11T11:34:44.366146,read,0.23,0,0,employee
USR0015,2025-09-11T12:31:31.360444,read,0.36,0,0,employee
USR0040,2025-09-11T15:01:14.362150,download,2.1,0,0,employee
USR0071,2025-09-11T15:08:07.364278,read,0.24,0,0,employee
USR0019,2025-09-11T15:42:35.360733,read,0.13,0,0,contractor
USR0078,2025-09-11T16:26:58.364841,write,2.5,0,0,contractor
USR0005,2025-09-11T17:11:32.359622,download,4.91,0,0,employee
USR0058,2025-09-11T17:55:38.363428,read,0.48,0,0,employee
USR0026,2025-09-11T20:27:42.361245,escalate,0.38,1,0,employee
USR0083,2025-09-11T20:59:27.365305,download,4.17,1,0,contractor
USR0064,2025-09-11T21:56:51.363810,read,0.15,1,0,employee
USR0026,2025-09-11T22:40:54.361245,download,0.61,1,0,employee
USR0007,2025-09-11T22:46:55.359816,write,2.14,1,0,employee
USR0044,2025-09-12T00:00:13.362435,read,0.17,1,0,contractor
USR0066,2025-09-12T00:07:52.363923,modify,3.79,1,0,employee
USR0060,2025-09-12T00:12:08.363533,read,0.36,1,1,employee
USR0050,2025-09-12T01:36:20.362822,write,0.29,1,0,employee
USR0036,2025-09-12T01:37:11.361873,read,0.2,1,0,employee
USR0095,2025-09-12T02:33:38.366311,write,2.76,1,0,employee
USR0023,2025-09-12T02:52:42.360987,download,2.45,1,0,contractor
USR0088,2025-09-12T03:54:23.365773,delete,0.12,1,0,contractor
USR0019,2025-09-12T04:05:02.360733,escalate,0.33,1,0,contractor
USR0075,2025-09-12T06:12:48.364638,read,0.03,1,0,employee
USR0078,2025-09-12T06:17:35.364841,write,3.71,1,0,contractor
USR0007,2025-09-12T07:06:23.359816,modify,2.49,0,0,employee
USR0077,2025-09-12T07:10:35.364791,read,0.2,0,0,employee
USR0022,2025-09-12T08:41:31.360921,read,0.33,0,0,employee
USR0077,2025-09-12T09:08:57.364791,download,1.71,0,0,employee
USR0071,2025-09-12T10:30:56.364278,read,0.28,0,0,employee
USR0023,2025-09-12T11:58:37.360987,read,0.27,0,0,contractor
USR0010,2025-09-12T13:36:14.360089,modify,3.7,0,0,employee
USR0048,2025-09-12T15:33:36.362695,delete,0.35,0,0,employee
USR0056,2025-09-12T18:45:39.363269,write,2.82,0,0,employee
USR0033,2025-09-12T19:05:16.361668,write,1.79,0,0,employee
USR0087,2025-09-12T20:53:30.365674,read,0.23,1,0,employee
USR0013,2025-09-12T22:20:51.360304,download,2.35,1,0,employee
USR0004,2025-09-12T22:31:34.359533,read,0.28,1,0,employee
USR0036,2025-09-12T23:11:15.361873,download,3.46,1,0,employee
USR0083,2025-09-12T23:39:38.365305,read,0.43,1,0,contractor
USR0009,2025-09-13T01:03:47.359987,read,0.32,1,0,employee
USR0095,2025-09-13T02:41:27.366311,download,4.61,1,0,employee
USR0095,2025-09-13T02:49:40.366311,write,4.87,1,0,employee
USR0062,2025-09-13T04:52:50.363654,read,0.15,1,0,employee
USR0053,2025-09-13T06:39:28.363016,read,0.1,1,0,employee
USR0099,2025-09-13T10:01:04.366628,read,0.37,0,0,employee
USR0095,2025-09-13T10:56:04.366311,read,0.36,0,0,employee
USR0037,2025-09-13T13:14:19.361941,read,0.26,0,0,employee
USR0046,2025-09-13T13:18:47.362577,download,1.88,0,0,employee
USR0054,2025-09-13T14:34:12.363082,write,0.9,0,0,employee
USR0018,2025-09-13T17:39:00.360686,write,1.66,0,0,contractor
USR0014,2025-09-13T17:58:21.360363,modify,1.02,0,0,contractor
USR0090,2025-09-13T19:01:10.365932,write,0.19,0,0,employee
USR0008,2025-09-13T19:49:18.359905,read,0.46,0,0,employee
USR0054,2025-09-13T21:58:32.363082,download,1.79,1,0,employee
USR0037,2025-09-13T22:03:32.361941,download,1.38,1,0,employee
USR0091,2025-09-14T00:52:02.365999,download,4.11,1,0,employee
USR0066,2025-09-14T01:21:54.363923,read,0.5,1,0,employee
USR0021,2025-09-14T02:39:08.360874,download,1.8,1,0,employee
USR0009,2025-09-14T03:19:57.359987,download,2.09,1,0,employee
USR0068,2025-09-14T05:00:19.364051,download,1.81,1,0,employee
USR0092,2025-09-14T05:23:21.366090,write,0.11,1,0,employee
USR0051,2025-09-14T06:26:22.362901,read,0.02,1,0,employee
USR0009,2025-09-14T06:30:19.359987,download,0.15,1,0,employee
USR0002,2025-09-14T06:32:12.359416,escalate,0.01,1,0,employee
USR0080,2025-09-14T08:36:17.365043,modify,2.32,0,0,employee
USR0079,2025-09-14T09:23:09.364947,read,0.31,0,0,contractor
USR0016,2025-09-14T10:53:29.360532,read,0.27,0,0,employee
USR0070,2025-09-14T13:40:09.364203,download,2.62,0,0,employee
USR0061,2025-09-14T16:44:00.363596,read,0.16,0,0,employee
USR0046,2025-09-14T18:28:24.362577,modify,3.42,0,0,employee
USR0016,2025-09-14T19:49:01.360532,read,0.26,0,0,employee
USR0011,2025-09-14T19:53:33.360166,read,0.29,0,0,employee
USR0065,2025-09-14T21:44:25.363860,write,3.42,1,0,employee
USR0017,2025-09-14T22:18:38.360599,read,0.01,1,0,employee
USR0093,2025-09-15T00:03:54.366146,read,0.16,1,0,employee
USR0031,2025-09-15T02:10:16.361567,modify,3.91,1,0,employee
USR0099,2025-09-15T02:20:07.366628,write,0.04,1,0,employee
USR0003,2025-09-15T03:33:50.359480,read,0.38,1,0,employee
USR0090,2025-09-15T08:39:33.365932,read,0.09,0,0,employee
USR0067,2025-09-15T09:41:29.363980,read,0.01,0,0,employee
USR0091,2025-09-15T12:45:55.365999,download,4.7,0,0,employee
USR0047,2025-09-15T13:45:46.362633,read,0.09,0,0,employee
USR0024,2025-09-15T15:57:56.361063,write,2.15,0,0,contractor
USR0081,2025-09-15T17:42:27.365116,download,2.81,0,0,employee
USR0065,2025-09-15T19:01:07.363860,read,0.03,0,0,employee
USR0071,2025-09-15T19:01:13.364278,write,2.03,0,0,employee
USR0083,2025-09-15T21:45:28.365305,download,0.69,1,0,contractor
USR0094,2025-09-16T03:27:23.366216,read,0.25,1,0,employee
USR0057,2025-09-16T04:16:13.363350,read,0.01,1,0,employee
USR0088,2025-09-16T04:50:35.365773,read,0.02,1,0,contractor
USR0085,2025-09-16T06:09:46.365482,modify,1.03,1,0,employee
USR0093,2025-09-16T06:18:18.366146,read,0.21,1,0,employee
USR0096,2025-09-16T12:06:29.366394,read,0.03,0,1,employee
USR0020,2025-09-16T14:09:08.360807,modify,1.06,0,0,employee
USR0075,2025-09-16T14:17:15.364638,write,1.89,0,0,employee
USR0008,2025-09-16T14:46:05.359905,read,0.39,0,0,employee
USR0047,2025-09-16T15:27:38.362633,download,3.99,0,0,employee
USR0072,2025-09-16T15:43:51.364363,read,0.2,0,0,employee
USR0094,2025-09-16T16:42:48.366216,read,0.48,0,0,employee
USR0089,2025-09-16T17:12:58.365852,read,0.04,0,0,employee
USR0090,2025-09-16T17:32:48.365932,download,1.19,0,0,employee
USR0004,2025-09-16T17:44:55.359533,write,3.98,0,0,employee
USR0097,2025-09-16T17:46:22.366480,write,5.0,0,0,employee
USR0078,2025-09-16T21:51:33.364841,escalate,0.27,1,0,contractor
USR0087,2025-09-16T22:01:59.365674,read,0.25,1,0,employee
USR0097,2025-09-16T22:09:18.366480,read,0.47,1,0,employee
USR0024,2025-09-17T00:23:25.361063,write,3.49,1,0,contractor
USR0063,2025-09-17T03:38:15.363756,read,0.37,1,0,employee
USR0006,2025-09-17T03:56:58.359723,modify,2.99,1,1,employee
USR0098,2025-09-17T06:05:40.366564,read,0.39,1,0,employee
USR0068,2025-09-17T06:55:39.364051,download,1.62,1,0,employee
USR0012,2025-09-17T08:05:39.360247,download,2.38,0,0,employee
USR0058,2025-09-17T09:27:25.363428,write,0.62,0,0,employee
USR0071,2025-09-17T11:03:26.364278,read,0.18,0,0,employee
USR0056,2025-09-17T13:58:18.363269,read,0.13,0,0,employee
USR0083,2025-09-17T15:33:02.365305,download,2.91,0,0,contractor
USR0022,2025-09-17T16:01:21.360921,write,1.66,0,0,employee
USR0053,2025-09-17T17:55:29.363016,download,0.81,0,0,employee
USR0034,2025-09-17T18:00:23.361720,read,0.29,0,0,employee
USR0097,2025-09-17T21:57:25.366480,read,0.25,1,0,employee
USR0015,2025-09-17T22:27:02.360444,read,0.11,1,0,employee
USR0006,2025-09-17T23:21:40.359723,download,1.37,1,0,employee
USR0065,2025-09-17T23:55:24.363860,download,0.77,1,0,employee
USR0051,2025-09-18T00:00:10.362901,write,1.16,1,0,employee
USR0024,2025-09-18T01:14:08.361063,read,0.32,1,0,contractor
USR0005,2025-09-18T01:14:19.359622,read,0.04,1,0,employee
USR0096,2025-09-18T01:44:16.366394,delete,0.37,1,0,employee
USR0009,2025-09-18T01:47:59.359987,write,1.6,1,0,employee
USR0079,2025-09-18T02:50:09.364947,read,0.18,1,0,contractor
USR0005,2025-09-18T03:04:41.359622,download,3.09,1,0,employee
USR0092,2025-09-18T05:19:51.366090,download,0.26,1,0,employee
USR0067,2025-09-18T05:48:58.363980,download,4.8,1,1,employee
USR0070,2025-09-18T06:18:05.364203,read,0.02,1,0,employee
USR0030,2025-09-18T06:19:35.361483,escalate,0.13,1,0,employee
USR0076,2025-09-18T09:53:01.364729,read,0.02,0,0,employee
USR0003,2025-09-18T10:21:16.359480,read,0.14,0,0,employee
USR0068,2025-09-18T10:34:14.364051,write,2.82,0,0,employee
USR0054,2025-09-18T12:56:55.363082,read,0.37,0,0,employee
USR0082,2025-09-18T15:40:08.365216,read,0.01,0,0,employee
USR0029,2025-09-18T17:34:44.361399,read,0.27,0,0,employee
USR0041,2025-09-18T17:35:27.362244,read,0.37,0,0,employee
USR0010,2025-09-18T18:42:28.360089,download,1.51,0,0,employee
USR0023,2025-09-18T19:27:11.360987,read,0.07,0,0,contractor
USR0036,2025-09-18T20:52:00.361873,download,3.03,1,0,employee
USR0061,2025-09-18T22:10:47.363596,read,0.43,1,0,employee
USR0004,2025-09-19T00:35:18.359533,read,0.18,1,0,employee
USR0055,2025-09-19T01:19:31.363181,read,0.29,1,0,employee
USR0062,2025-09-19T02:01:21.363654,read,0.39,1,0,employee
USR0058,2025-09-19T03:06:21.363428,modify,2.91,1,0,employee
USR0067,2025-09-19T04:18:00.363980,write,0.91,1,0,employee
USR0006,2025-09-19T05:04:32.359723,write,1.22,1,0,employee
USR0005,2025-09-19T07:28:46.359622,write,0.21,0,0,employee
USR0072,2025-09-19T07:56:17.364363,read,0.44,0,0,employee
USR0016,2025-09-19T08:12:36.360532,read,0.47,0,0,employee
USR0022,2025-09-19T08:17:55.360921,download,4.42,0,0,employee
USR0030,2025-09-19T08:57:32.361483,download,1.26,0,0,employee
USR0067,2025-09-19T09:30:02.363980,read,0.07,0,0,employee
USR0029,2025-09-19T10:18:39.361399,download,4.63,0,0,employee
USR0090,2025-09-19T10:51:13.365932,modify,1.27,0,0,employee
USR0041,2025-09-19T11:07:40.362244,read,0.31,0,0,employee
USR0074,2025-09-19T12:39:48.364498,read,0.35,0,0,employee
USR0014,2025-09-19T13:43:56.360363,escalate,0.3,0,0,contractor
USR0009,2025-09-19T14:45:12.359987,read,0.12,0,0,employee
USR0010,2025-09-19T17:02:29.360089,escalate,0.06,0,0,employee
USR0076,2025-09-19T17:22:07.364729,read,0.03,0,0,employee
USR0006,2025-09-19T22:10:08.359723,read,0.41,1,0,employee
USR0057,2025-09-19T22:35:37.363350,read,0.12,1,0,employee
USR0097,2025-09-19T22:41:34.366480,write,4.48,1,0,employee
USR0050,2025-09-19T23:42:12.362822,read,0.48,1,0,employee
USR0007,2025-09-20T00:46:38.359816,download,0.4,1,0,employee
USR0071,2025-09-20T02:10:36.364278,escalate,0.05,1,0,employee
USR0039,2025-09-20T02:16:56.362079,download,1.66,1,0,employee
USR0051,2025-09-20T03:45:22.362901,write,2.1,1,0,employee
USR0028,2025-09-20T04:34:28.361358,modify,4.77,1,0,employee
USR0058,2025-09-20T07:02:48.363428,read,0.45,0,0,employee
USR0097,2025-09-20T08:14:26.366480,download,3.58,0,0,employee
USR0035,2025-09-20T08:46:58.361798,modify,2.25,0,0,employee
USR0066,2025-09-20T09:25:36.363923,read,0.16,0,0,employee
USR0075,2025-09-20T11:09:25.364638,write,3.43,0,0,employee
USR0011,2025-09-20T11:09:31.360166,modify,3.86,0,0,employee
USR0091,2025-09-20T11:46:25.365999,read,0.42,0,0,employee
USR0091,2025-09-20T12:37:49.365999,write,4.85,0,0,employee
USR0005,2025-09-20T13:34:45.359622,read,0.38,0,0,employee
USR0087,2025-09-20T13:41:26.365674,download,4.01,0,0,employee
USR0068,2025-09-20T13:46:21.364051,read,0.33,0,0,employee
USR0018,2025-09-20T14:27:20.360686,escalate,0.14,0,0,contractor
USR0075,2025-09-20T15:03:50.364638,read,0.4,0,0,employee
USR0057,2025-09-20T16:55:48.363350,read,0.35,0,0,employee
USR0092,2025-09-20T19:57:20.366090,write,0.75,0,0,employee
USR0009,2025-09-20T20:39:13.359987,read,0.33,1,0,employee
USR0012,2025-09-20T21:37:08.360247,read,0.46,1,0,employee
USR0035,2025-09-21T00:31:46.361798,download,2.83,1,0,employee
USR0074,2025-09-21T03:20:10.364498,read,0.37,1,0,employee
USR0051,2025-09-21T03:39:07.362901,read,0.39,1,0,employee
USR0082,2025-09-21T09:39:05.365216,modify,1.66,0,0,employee
USR0085,2025-09-21T09:40:44.365482,read,0.13,0,0,employee
USR0037,2025-09-21T10:09:27.361941,read,0.19,0,0,employee
USR0090,2025-09-21T12:18:22.365932,read,0.06,0,0,employee
USR0078,2025-09-21T14:55:07.364841,read,0.41,0,0,contractor
USR0072,2025-09-21T15:12:50.364363,write,3.13,0,0,employee
USR0073,2025-09-21T15:22:46.364456,read,0.25,0,0,employee
USR0088,2025-09-21T17:08:08.365773,write,4.55,0,0,contractor
USR0050,2025-09-21T17:34:18.362822,write,0.88,0,0,employee
USR0080,2025-09-21T21:13:59.365043,write,1.93,1,0,employee
USR0023,2025-09-21T21:51:49.360987,write,2.45,1,0,contractor
USR0091,2025-09-21T23:54:05.365999,download,0.62,1,0,employee
USR0088,2025-09-22T00:21:22.365773,read,0.2,1,0,contractor
USR0066,2025-09-22T02:26:04.363923,modify,4.93,1,0,employee
USR0088,2025-09-22T02:30:49.365773,read,0.49,1,0,contractor
USR0087,2025-09-22T02:54:25.365674,read,0.09,1,0,employee
USR0057,2025-09-22T03:34:01.363350,read,0.09,1,0,employee
USR0020,2025-09-22T06:20:43.360807,download,1.64,1,0,employee
USR0029,2025-09-22T06:53:49.361399,download,0.55,1,0,employee
USR0093,2025-09-22T08:46:42.366146,read,0.29,0,0,employee
USR0097,2025-09-22T10:13:29.366480,read,0.47,0,0,employee
USR0026,2025-09-22T10:27:19.361245,download,2.85,0,0,employee
USR0013,2025-09-22T11:36:41.360304,read,0.09,0,0,employee
USR0027,2025-09-22T14:00:33.361314,download,3.67,0,0,employee
USR0089,2025-09-22T15:15:53.365852,read,0.21,0,0,employee
USR0070,2025-09-22T15:30:14.364203,modify,3.39,0,0,employee
USR0010,2025-09-22T16:14:24.360089,read,0.17,0,0,employee
USR0060,2025-09-22T16:39:24.363533,download,3.97,0,0,employee
USR0010,2025-09-22T18:19:34.360089,write,0.38,0,0,employee
USR0010,2025-09-22T19:28:39.360089,read,0.4,0,0,employee
USR0021,2025-09-22T20:44:38.360874,download,3.29,1,0,employee
USR0026,2025-09-22T21:23:42.361245,download,2.54,1,0,employee
USR0079,2025-09-22T22:06:21.364947,read,0.11,1,0,contractor
USR0004,2025-09-22T22:58:44.359533,download,3.73,1,0,employee
USR0005,2025-09-23T01:33:13.359622,modify,0.78,1,0,employee
USR0014,2025-09-23T04:14:27.360363,escalate,0.36,1,0,contractor
USR0054,2025-09-23T05:45:08.363082,write,1.38,1,0,employee
USR0040,2025-09-23T06:08:32.362150,write,3.09,1,0,employee
USR0046,2025-09-23T10:20:44.362577,read,0.33,0,0,employee
USR0010,2025-09-23T11:03:15.360089,read,0.41,0,0,employee
USR0098,2025-09-23T12:06:28.366564,read,0.39,0,0,employee
USR0054,2025-09-23T12:54:12.363082,read,0.04,0,0,employee
USR0069,2025-09-23T13:57:20.364141,read,0.48,0,0,employee
USR0037,2025-09-23T14:12:06.361941,escalate,0.41,0,0,employee
USR0049,2025-09-23T15:05:40.362775,read,0.18,0,1,employee
USR0007,2025-09-23T15:26:33.359816,modify,2.72,0,0,employee
USR0007,2025-09-23T16:07:46.359816,download,4.33,0,0,employee
USR0097,2025-09-23T16:09:38.366480,download,3.05,0,0,employee
USR0053,2025-09-23T17:48:34.363016,modify,4.1,0,0,employee
USR0064,2025-09-23T18:16:05.363810,modify,4.72,0,0,employee
USR0022,2025-09-23T23:14:42.360921,read,0.15,1,0,employee
USR0062,2025-09-24T00:37:56.363654,modify,3.67,1,0,employee
USR0008,2025-09-24T04:51:37.359905,download,2.23,1,0,employee
USR0084,2025-09-24T06:40:44.365404,read,0.46,1,0,employee
USR0010,2025-09-24T08:40:44.360089,download,1.41,0,0,employee
USR0081,2025-09-24T08:42:22.365116,download,0.12,0,0,employee
USR0037,2025-09-24T09:56:55.361941,read,0.39,0,0,employee
USR0100,2025-09-24T12:42:11.366708,download,0.73,0,0,employee
USR0037,2025-09-24T12:49:07.361941,read,0.08,0,0,employee
USR0074,2025-09-24T13:51:47.364498,download,4.31,0,0,employee
USR0067,2025-09-24T13:54:35.363980,modify,3.06,0,0,employee
USR0094,2025-09-24T13:55:01.366216,read,0.42,0,0,employee
USR0027,2025-09-24T14:29:59.361314,write,2.49,0,0,employee
USR0009,2025-09-24T14:49:10.359987,read,0.43,0,0,employee
USR0050,2025-09-24T16:02:36.362822,download,2.41,0,0,employee
USR0055,2025-09-24T16:47:19.363181,download,1.83,0,0,employee
USR0022,2025-09-24T18:10:11.360921,read,0.17,0,0,employee
USR0042,2025-09-24T18:52:23.362309,delete,0.23,0,0,employee
USR0100,2025-09-24T20:11:39.366708,download,2.39,1,0,employee
USR0036,2025-09-24T20:14:40.361873,download,3.87,1,0,employee
USR0052,2025-09-24T20:24:58.362975,read,0.34,1,0,employee
USR0099,2025-09-24T20:27:16.366628,read,0.25,1,0,employee
USR0046,2025-09-24T22:23:02.362577,read,0.17,1,0,employee
USR0020,2025-09-24T23:32:41.360807,read,0.47,1,0,employee
USR0058,2025-09-24T23:37:31.363428,read,0.18,1,0,employee
USR0080,2025-09-25T01:05:33.365043,write,3.52,1,1,employee
USR0052,2025-09-25T02:53:28.362975,read,0.33,1,0,employee
USR0087,2025-09-25T03:10:29.365674,download,2.71,1,1,employee
USR0045,2025-09-25T03:19:56.362493,download,3.7,1,0,employee
USR0027,2025-09-25T03:58:26.361314,write,1.32,1,0,employee
USR0079,2025-09-25T04:09:50.364947,read,0.08,1,0,contractor
USR0042,2025-09-25T04:12:07.362309,download,4.08,1,0,employee
USR0074,2025-09-25T04:47:34.364498,read,0.25,1,0,employee
USR0007,2025-09-25T05:05:26.359816,read,0.39,1,0,employee
USR0060,2025-09-25T06:27:15.363533,download,2.35,1,0,employee
USR0042,2025-09-25T08:11:51.362309,write,2.35,0,0,employee
USR0070,2025-09-25T08:51:21.364203,read,0.06,0,0,employee
USR0009,2025-09-25T10:14:34.359987,write,4.21,0,0,employee
USR0031,2025-09-25T10:31:08.361567,write,3.84,0,0,employee
USR0007,2025-09-25T11:05:26.359816,read,0.02,0,0,employee
USR0074,2025-09-25T11:54:10.364498,read,0.04,0,0,employee
USR0023,2025-09-25T14:56:54.360987,read,0.23,0,0,contractor
USR0026,2025-09-25T16:16:48.361245,read,0.4,0,0,employee
USR0086,2025-09-25T17:34:00.365526,modify,2.13,0,0,employee
USR0084,2025-09-25T19:22:10.365404,read,0.35,0,0,employee
USR0016,2025-09-25T20:15:13.360532,download,4.57,1,0,employee
USR0075,2025-09-25T21:18:11.364638,download,1.09,1,0,employee
USR0003,2025-09-25T21:23:51.359480,read,0.03,1,0,employee
USR0075,2025-09-26T02:08:48.364638,read,0.14,1,0,employee
USR0004,2025-09-26T02:17:24.359533,modify,2.31,1,0,employee
USR0091,2025-09-26T04:21:30.365999,download,1.95,1,0,employee
USR0006,2025-09-26T05:37:10.359723,read,0.23,1,0,employee
USR0096,2025-09-26T06:28:10.366394,write,2.77,1,0,employee
USR0057,2025-09-26T08:09:14.363350,write,4.14,0,0,employee
USR0089,2025-09-26T09:52:01.365852,read,0.1,0,0,employee
USR0046,2025-09-26T12:40:04.362577,write,1.42,0,0,employee
USR0048,2025-09-26T12:56:17.362695,write,4.04,0,0,employee
USR0015,2025-09-26T13:11:10.360444,read,0.09,0,0,employee
USR0047,2025-09-26T14:20:29.362633,read,0.36,0,0,employee
USR0060,2025-09-26T17:08:34.363533,write,1.95,0,0,employee
USR0015,2025-09-26T17:56:38.360444,download,4.09,0,0,employee
USR0019,2025-09-26T20:53:06.360733,write,3.7,1,0,contractor
USR0071,2025-09-26T20:55:09.364278,download,3.15,1,0,employee
USR0065,2025-09-27T00:46:46.363860,read,0.01,1,0,employee
USR0081,2025-09-27T01:14:55.365116,write,2.12,1,0,employee
USR0046,2025-09-27T02:45:06.362577,modify,4.73,1,0,employee
USR0031,2025-09-27T04:05:42.361567,download,3.99,1,0,employee
USR0084,2025-09-27T04:13:29.365404,read,0.35,1,0,employee
USR0007,2025-09-27T05:05:10.359816,read,0.47,1,0,employee
USR0072,2025-09-27T06:07:22.364363,download,4.05,1,0,employee
USR0091,2025-09-27T08:57:41.365999,read,0.02,0,0,employee
USR0068,2025-09-27T12:40:54.364051,download,3.54,0,0,employee
USR0048,2025-09-27T13:06:36.362695,read,0.16,0,0,employee
USR0043,2025-09-27T13:29:41.362384,read,0.25,0,0,contractor
USR0055,2025-09-27T15:31:43.363181,read,0.04,0,0,employee
USR0069,2025-09-27T18:51:40.364141,read,0.49,0,0,employee
USR0053,2025-09-27T20:13:08.363016,read,0.08,1,0,employee
USR0060,2025-09-27T22:17:47.363533,download,0.4,1,0,employee
USR0036,2025-09-27T23:39:46.361873,read,0.13,1,0,employee
USR0018,2025-09-28T01:10:15.360686,write,1.36,1,0,contractor
USR0080,2025-09-28T01:17:50.365043,escalate,0.2,1,0,employee
USR0029,2025-09-28T02:04:46.361399,download,0.76,1,0,employee
USR0017,2025-09-28T02:35:33.360599,write,0.35,1,0,employee
USR0048,2025-09-28T03:05:17.362695,download,0.72,1,0,employee
USR0088,2025-09-28T03:41:36.365773,read,0.25,1,0,contractor
USR0007,2025-09-28T04:33:03.359816,read,0.18,1,0,employee
USR0005,2025-09-28T04:56:02.359622,read,0.46,1,0,employee
USR0048,2025-09-28T06:41:22.362695,escalate,0.28,1,0,employee
USR0062,2025-09-28T09:36:36.363654,download,0.87,0,0,employee
USR0036,2025-09-28T09:42:21.361873,escalate,0.2,0,0,employee
USR0002,2025-09-28T09:43:16.359416,modify,2.12,0,0,employee
USR0016,2025-09-28T11:51:20.360532,read,0.49,0,0,employee
USR0068,2025-09-28T12:27:57.364051,download,4.42,0,0,employee
USR0022,2025-09-28T13:30:08.360921,write,1.75,0,0,employee
USR0061,2025-09-28T13:50:51.363596,read,0.5,0,0,employee
USR0061,2025-09-28T14:30:15.363596,delete,0.44,0,0,employee
USR0054,2025-09-28T14:59:14.363082,modify,4.24,0,0,employee
USR0004,2025-09-28T15:12:12.359533,download,0.39,0,0,employee
USR0039,2025-09-28T15:55:17.362079,read,0.2,0,0,employee
USR0090,2025-09-28T17:46:12.365932,read,0.29,0,0,employee
USR0083,2025-09-28T20:35:06.365305,escalate,0.06,1,0,contractor
USR0002,2025-09-28T21:52:28.359416,read,0.42,1,0,employee
USR0002,2025-09-28T22:06:01.359416,write,0.58,1,0,employee
USR0016,2025-09-28T23:44:15.360532,modify,2.76,1,0,employee
USR0017,2025-09-29T00:03:39.360599,read,0.38,1,0,employee
USR0032,2025-09-29T01:25:19.361625,read,0.35,1,0,employee
USR0032,2025-09-29T02:34:53.361625,download,1.71,1,0,employee
USR0029,2025-09-29T03:02:53.361399,read,0.14,1,0,employee
USR0019,2025-09-29T03:24:04.360733,read,0.22,1,0,contractor
USR0042,2025-09-29T05:51:26.362309,read,0.25,1,0,employee
USR0019,2025-09-29T09:46:49.360733,read,0.39,0,0,contractor
USR0072,2025-09-29T10:58:52.364363,escalate,0.3,0,0,employee
USR0082,2025-09-29T11:04:31.365216,modify,4.2,0,0,employee
USR0032,2025-09-29T12:00:24.361625,read,0.17,0,0,employee
USR0088,2025-09-29T14:48:43.365773,write,4.51,0,0,contractor
USR0062,2025-09-29T15:18:02.363654,write,4.95,0,0,employee
USR0017,2025-09-29T16:59:20.360599,escalate,0.15,0,0,employee
USR0006,2025-09-29T18:27:24.359723,download,2.29,0,0,employee
USR0062,2025-09-29T18:36:53.363654,read,0.16,0,0,employee
USR0062,2025-09-29T19:02:11.363654,escalate,0.29,0,0,employee
USR0062,2025-09-29T21:14:07.363654,write,0.4,1,0,employee
USR0005,2025-09-29T21:20:23.359622,read,0.28,1,0,employee
USR0020,2025-09-29T22:02:51.360807,read,0.15,1,0,employee
USR0048,2025-09-29T23:48:51.362695,read,0.14,1,0,employee
USR0065,2025-09-30T00:14:01.363860,modify,2.16,1,0,employee
USR0072,2025-09-30T03:14:20.364363,write,4.89,1,0,employee
USR0099,2025-09-30T04:05:55.366628,write,1.96,1,0,employee
USR0077,2025-09-30T04:17:31.364791,download,1.46,1,0,employee
USR0009,2025-09-30T04:53:55.359987,modify,2.42,1,0,employee
USR0054,2025-09-30T04:54:47.363082,read,0.29,1,0,employee
USR0081,2025-09-30T05:39:53.365116,read,0.23,1,0,employee
USR0022,2025-09-30T05:40:44.360921,read,0.05,1,0,employee
USR0061,2025-09-30T08:46:26.363596,read,0.2,0,0,employee
USR0042,2025-09-30T08:58:22.362309,write,1.9,0,0,employee
USR0010,2025-09-30T11:23:30.360089,modify,1.08,0,0,employee
USR0052,2025-09-30T12:05:27.362975,escalate,0.16,0,0,employee
USR0080,2025-09-30T12:24:14.365043,read,0.04,0,0,employee
USR0086,2025-09-30T12:25:56.365526,modify,4.6,0,0,employee
USR0044,2025-09-30T13:24:45.362435,modify,3.81,0,0,contractor
USR0017,2025-09-30T14:47:02.360599,write,4.67,0,0,employee
USR0074,2025-09-30T17:24:27.364498,download,2.35,0,0,employee
USR0005,2025-09-30T17:32:55.359622,modify,2.63,0,0,employee
USR0022,2025-09-30T17:59:20.360921,download,2.27,0,0,employee
USR0055,2025-09-30T19:07:50.363181,read,0.08,0,0,employee
USR0049,2025-09-30T21:11:11.362775,download,0.74,1,0,employee
USR0062,2025-09-30T21:48:16.363654,read,0.2,1,0,employee
USR0100,2025-09-30T22:18:05.366708,download,0.66,1,0,employee
USR0051,2025-09-30T22:56:50.362901,read,0.24,1,0,employee
USR0054,2025-09-30T23:36:51.363082,download,1.26,1,0,employee
USR0011,2025-10-01T01:24:28.360166,read,0.22,1,0,employee
USR0017,2025-10-01T02:10:34.360599,read,0.23,1,0,employee
USR0033,2025-10-01T06:48:04.361668,download,1.9,1,0,employee
USR0002,2025-10-01T07:50:45.359416,read,0.25,0,0,employee
USR0023,2025-10-01T09:06:12.360987,read,0.37,0,0,contractor
USR0022,2025-10-01T12:47:50.360921,write,4.0,0,0,employee
USR0040,2025-10-01T12:59:07.362150,download,2.49,0,0,employee
USR0068,2025-10-01T13:25:55.364051,write,1.66,0,0,employee
USR0091,2025-10-01T14:52:24.365999,download,1.21,0,0,employee
USR0029,2025-10-01T20:01:23.361399,read,0.47,1,0,employee
USR0072,2025-10-01T21:07:24.364363,read,0.07,1,0,employee
USR0078,2025-10-01T22:56:46.364841,download,2.97,1,0,contractor
USR0026,2025-10-02T01:14:24.361245,read,0.27,1,0,employee
USR0092,2025-10-02T01:26:28.366090,read,0.04,1,0,employee
USR0072,2025-10-02T06:14:23.364363,download,1.81,1,0,employee
USR0071,2025-10-02T06:20:48.364278,read,0.03,1,0,employee
USR0079,2025-10-02T06:41:51.364947,read,0.11,1,0,contractor
USR0048,2025-10-02T07:35:23.362695,read,0.24,0,0,employee
USR0011,2025-10-02T08:11:00.360166,read,0.15,0,0,employee
USR0023,2025-10-02T08:19:34.360987,read,0.34,0,0,contractor
USR0057,2025-10-02T08:24:10.363350,read,0.38,0,0,employee
USR0084,2025-10-02T12:30:03.365404,read,0.22,0,0,employee
USR0093,2025-10-02T15:34:39.366146,write,3.36,0,0,employee
USR0068,2025-10-02T15:37:21.364051,download,1.65,0,0,employee
USR0035,2025-10-02T15:53:12.361798,read,0.22,0,0,employee
USR0044,2025-10-02T16:39:25.362435,write,3.47,0,0,contractor
USR0051,2025-10-02T17:20:20.362901,read,0.4,0,0,employee
USR0068,2025-10-02T18:13:10.364051,read,0.24,0,0,employee
USR0030,2025-10-02T23:04:48.361483,download,0.18,1,0,employee
USR0080,2025-10-02T23:51:25.365043,download,1.09,1,0,employee
USR0096,2025-10-03T00:49:42.366394,read,0.42,1,0,employee
USR0005,2025-10-03T03:02:56.359622,read,0.15,1,0,employee
USR0065,2025-10-03T03:53:42.363860,modify,4.81,1,0,employee
USR0056,2025-10-03T03:55:57.363269,read,0.48,1,0,employee
USR0044,2025-10-03T05:44:25.362435,read,0.18,1,0,contractor
USR0054,2025-10-03T06:12:44.363082,read,0.18,1,0,employee
USR0051,2025-10-03T06:35:27.362901,read,0.1,1,0,employee
USR0001,2025-10-03T10:43:08.359340,delete,0.44,0,0,contractor
USR0074,2025-10-03T14:51:03.364498,write,1.06,0,0,employee
USR0079,2025-10-03T15:56:23.364947,write,0.36,0,0,contractor
USR0006,2025-10-03T16:04:25.359723,read,0.19,0,0,employee
USR0023,2025-10-03T17:44:06.360987,read,0.38,0,0,contractor
USR0080,2025-10-03T18:14:49.365043,read,0.5,0,0,employee
USR0009,2025-10-03T19:13:34.359987,write,0.92,0,0,employee
USR0079,2025-10-03T19:27:45.364947,read,0.19,0,0,contractor
USR0081,2025-10-03T20:30:52.365116,download,1.61,1,0,employee
USR0055,2025-10-03T21:09:35.363181,read,0.18,1,0,employee
USR0094,2025-10-03T21:31:02.366216,write,2.86,1,0,employee
USR0060,2025-10-03T21:46:05.363533,read,0.1,1,0,employee
USR0067,2025-10-03T21:59:23.363980,read,0.16,1,0,employee
USR0053,2025-10-04T00:03:58.363016,download,1.77,1,0,employee
USR0089,2025-10-04T01:56:10.365852,write,4.79,1,0,employee
USR0008,2025-10-04T01:59:28.359905,write,3.91,1,0,employee
USR0082,2025-10-04T10:47:46.365216,write,0.98,0,0,employee
USR0068,2025-10-04T13:26:34.364051,write,4.64,0,0,employee
USR0081,2025-10-04T15:02:55.365116,read,0.48,0,0,employee
USR0097,2025-10-04T20:16:18.366480,read,0.24,1,0,employee
USR0029,2025-10-04T20:19:13.361399,read,0.3,1,0,employee
USR0096,2025-10-04T22:52:00.366394,read,0.41,1,0,employee
USR0001,2025-10-05T00:02:54.359340,read,0.05,1,0,contractor
USR0035,2025-10-05T01:51:02.361798,read,0.19,1,0,employee
USR0040,2025-10-05T05:34:10.362150,read,0.11,1,0,employee
USR0079,2025-10-05T06:44:44.364947,read,0.02,1,0,contractor
USR0084,2025-10-05T08:41:57.365404,modify,4.23,0,0,employee
USR0068,2025-10-05T10:06:36.364051,read,0.36,0,0,employee
USR0011,2025-10-05T11:33:59.360166,download,3.41,0,0,employee
USR0098,2025-10-05T13:07:03.366564,read,0.44,0,0,employee
USR0078,2025-10-05T14:43:39.364841,read,0.32,0,1,contractor
USR0031,2025-10-05T15:02:51.361567,read,0.41,0,0,employee
USR0099,2025-10-05T17:02:08.366628,read,0.26,0,0,employee
USR0049,2025-10-05T17:04:47.362775,read,0.48,0,0,employee
USR0078,2025-10-05T19:47:37.364841,download,2.02,0,0,contractor
USR0001,2025-10-05T20:27:32.359340,read,0.37,1,0,contractor
USR0021,2025-10-05T21:03:47.360874,escalate,0.2,1,0,employee
USR0043,2025-10-05T21:49:15.362384,read,0.33,1,0,contractor
USR0089,2025-10-06T01:58:32.365852,write,3.36,1,0,employee
USR0007,2025-10-06T02:30:13.359816,read,0.33,1,0,employee
USR0034,2025-10-06T03:42:21.361720,read,0.04,1,0,employee
USR0018,2025-10-06T05:00:50.360686,read,0.1,1,0,contractor
USR0008,2025-10-06T06:47:42.359905,read,0.22,1,0,employee
USR0080,2025-10-06T07:55:45.365043,modify,4.49,0,0,employee
USR0026,2025-10-06T08:07:22.361245,write,2.08,0,0,employee
USR0035,2025-10-06T08:22:31.361798,read,0.2,0,0,employee
USR0061,2025-10-06T09:23:08.363596,modify,1.28,0,0,employee
USR0076,2025-10-06T09:44:59.364729,write,0.54,0,0,employee
USR0084,2025-10-06T10:08:11.365404,write,1.76,0,0,employee
USR0034,2025-10-06T10:30:01.361720,read,0.44,0,0,employee
USR0023,2025-10-06T10:30:51.360987,read,0.0,0,0,contractor
USR0008,2025-10-06T11:21:17.359905,escalate,0.47,0,0,employee
USR0079,2025-10-06T12:11:07.364947,read,0.03,0,0,contractor
USR0038,2025-10-06T13:58:38.362030,download,2.03,0,0,employee
USR0069,2025-10-06T14:01:55.364141,download,3.08,0,0,employee
USR0099,2025-10-06T16:00:24.366628,write,3.09,0,0,employee
USR0009,2025-10-06T18:02:26.359987,download,3.67,0,0,employee
USR0031,2025-10-06T18:46:20.361567,write,1.95,0,0,employee
USR0056,2025-10-06T23:24:48.363269,read,0.3,1,0,employee
USR0067,2025-10-07T02:48:32.363980,modify,1.45,1,0,employee
USR0097,2025-10-07T02:59:29.366480,read,0.1,1,0,employee
USR0047,2025-10-07T03:52:48.362633,read,0.32,1,0,employee
USR0095,2025-10-07T05:17:38.366311,read,0.37,1,0,employee
USR0073,2025-10-07T08:08:23.364456,write,2.09,0,0,employee
USR0025,2025-10-07T09:21:21.361161,read,0.3,0,0,employee
USR0064,2025-10-07T10:31:15.363810,download,0.1,0,0,employee
USR0025,2025-10-07T11:53:11.361161,download,3.47,0,0,employee
USR0005,2025-10-07T16:10:28.359622,read,0.06,0,0,employee
USR0065,2025-10-07T17:39:17.363860,read,0.39,0,0,employee
USR0056,2025-10-07T18:54:50.363269,read,0.31,0,0,employee
USR0015,2025-10-07T20:07:41.360444,read,0.14,1,0,employee
USR0024,2025-10-07T20:26:55.361063,write,4.76,1,0,contractor
USR0095,2025-10-07T21:21:49.366311,read,0.35,1,0,employee
USR0039,2025-10-07T22:13:35.362079,write,2.02,1,0,employee
USR0052,2025-10-07T22:29:10.362975,read,0.17,1,0,employee
USR0025,2025-10-07T22:35:01.361161,modify,3.08,1,0,employee
USR0011,2025-10-08T00:55:15.360166,write,4.67,1,0,employee
USR0012,2025-10-08T01:48:32.360247,download,1.44,1,0,employee
USR0038,2025-10-08T02:09:10.362030,escalate,0.32,1,0,employee
USR0044,2025-10-08T05:25:12.362435,modify,3.25,1,0,contractor
USR0073,2025-10-08T06:21:49.364456,write,1.84,1,0,employee
USR0060,2025-10-08T07:12:31.363533,read,0.1,0,0,employee
USR0087,2025-10-08T07:48:43.365674,download,4.95,0,0,employee
USR0043,2025-10-08T08:39:19.362384,read,0.07,0,0,contractor
USR0068,2025-10-08T09:57:40.364051,read,0.5,0,0,employee
USR0088,2025-10-08T11:22:40.365773,download,0.51,0,0,contractor
USR0099,2025-10-08T11:36:19.366628,modify,3.06,0,0,employee
USR0099,2025-10-08T12:02:14.366628,download,1.53,0,0,employee
USR0076,2025-10-08T12:18:29.364729,read,0.2,0,0,employee
USR0078,2025-10-08T12:54:19.364841,download,4.83,0,1,contractor
USR0015,2025-10-08T15:22:18.360444,read,0.5,0,0,employee
USR0035,2025-10-08T15:54:08.361798,read,0.32,0,0,employee
USR0033,2025-10-08T16:10:49.361668,download,2.81,0,0,employee
USR0072,2025-10-08T17:16:54.364363,escalate,0.46,0,0,employee
USR0007,2025-10-08T21:22:50.359816,read,0.37,1,0,employee
USR0025,2025-10-08T21:42:03.361161,download,1.43,1,0,employee
USR0077,2025-10-08T21:55:37.364791,read,0.35,1,0,employee
USR0002,2025-10-08T23:38:20.359416,read,0.37,1,0,employee
USR0058,2025-10-09T01:11:39.363428,write,0.55,1,0,employee
USR0083,2025-10-09T02:57:41.365305,read,0.45,1,0,contractor
USR0014,2025-10-09T05:20:15.360363,download,4.56,1,0,contractor
USR0004,2025-10-09T05:56:54.359533,read,0.48,1,0,employee
USR0007,2025-10-09T06:20:12.359816,download,3.68,1,0,employee
USR0050,2025-10-09T07:12:02.362822,read,0.18,0,0,employee
USR0072,2025-10-09T09:34:35.364363,download,4.58,0,0,employee
USR0042,2025-10-09T10:08:01.362309,read,0.02,0,0,employee
USR0002,2025-10-09T10:31:38.359416,download,3.11,0,0,employee
USR0034,2025-10-09T10:33:13.361720,read,0.02,0,0,employee
USR0045,2025-10-09T11:05:19.362493,write,3.91,0,0,employee
USR0096,2025-10-09T11:06:07.366394,delete,0.23,0,0,employee
USR0023,2025-10-09T12:07:51.360987,read,0.09,0,0,contractor
USR0008,2025-10-09T13:15:18.359905,read,0.28,0,0,employee
USR0087,2025-10-09T15:22:45.365674,read,0.15,0,0,employee
USR0021,2025-10-09T17:26:05.360874,write,3.19,0,0,employee
USR0096,2025-10-09T18:26:22.366394,read,0.26,0,0,employee
USR0011,2025-10-09T19:21:57.360166,read,0.26,0,0,employee
USR0055,2025-10-09T20:03:26.363181,read,0.45,1,0,employee
USR0087,2025-10-09T20:11:14.365674,download,4.15,1,0,employee
USR0061,2025-10-09T20:57:53.363596,modify,1.52,1,0,employee
USR0081,2025-10-09T21:20:19.365116,write,1.69,1,0,employee
USR0088,2025-10-09T22:12:16.365773,escalate,0.29,1,0,contractor
USR0071,2025-10-09T23:18:10.364278,modify,0.73,1,0,employee
USR0087,2025-10-10T01:41:09.365674,read,0.23,1,0,employee
USR0040,2025-10-10T02:13:14.362150,modify,2.46,1,0,employee
USR0041,2025-10-10T02:15:49.362244,read,0.02,1,0,employee
USR0019,2025-10-10T02:53:20.360733,write,3.99,1,0,contractor
USR0093,2025-10-10T03:14:50.366146,read,0.17,1,0,employee
USR0042,2025-10-10T04:58:19.362309,write,0.07,1,0,employee
USR0006,2025-10-10T05:51:10.359723,read,0.02,1,0,employee
USR0087,2025-10-10T07:46:24.365674,read,0.33,0,0,employee
USR0008,2025-10-10T08:25:29.359905,download,4.26,0,0,employee
USR0022,2025-10-10T08:45:44.360921,read,0.35,0,0,employee
USR0039,2025-10-10T09:07:40.362079,read,0.14,0,0,employee
USR0009,2025-10-10T10:03:07.359987,read,0.19,0,0,employee
USR0099,2025-10-10T11:49:37.366628,download,1.18,0,0,employee
USR0015,2025-10-10T16:09:37.360444,write,3.77,0,0,employee
USR0091,2025-10-10T16:10:45.365999,download,4.1,0,0,employee
USR0060,2025-10-10T17:18:39.363533,read,0.37,0,0,employee
USR0045,2025-10-10T17:41:53.362493,read,0.35,0,0,employee
USR0075,2025-10-10T17:58:37.364638,download,2.6,0,0,employee
USR0053,2025-10-10T20:26:02.363016,read,0.05,1,0,employee
USR0081,2025-10-10T20:40:07.365116,modify,4.42,1,0,employee
USR0020,2025-10-10T22:11:07.360807,read,0.0,1,0,employee
USR0063,2025-10-10T22:17:09.363756,modify,3.48,1,0,employee
USR0047,2025-10-10T22:23:35.362633,read,0.36,1,0,employee
USR0092,2025-10-10T23:12:16.366090,read,0.19,1,0,employee
USR0030,2025-10-10T23:54:25.361483,modify,4.15,1,0,employee
USR0014,2025-10-10T23:57:02.360363,read,0.43,1,0,contractor
USR0022,2025-10-11T03:39:27.360921,read,0.36,1,0,employee
USR0057,2025-10-11T03:54:12.363350,download,3.07,1,0,employee
USR0011,2025-10-11T04:32:28.360166,write,2.74,1,0,employee
USR0042,2025-10-11T05:00:09.362309,read,0.38,1,0,employee
USR0025,2025-10-11T05:49:07.361161,download,2.15,1,0,employee
USR0078,2025-10-11T06:24:10.364841,write,4.52,1,0,contractor
USR0055,2025-10-11T07:15:37.363181,download,2.78,0,0,employee
USR0059,2025-10-11T07:21:07.363493,read,0.22,0,0,employee
USR0019,2025-10-11T07:29:35.360733,read,0.45,0,0,contractor
USR0067,2025-10-11T08:59:24.363980,read,0.35,0,0,employee
USR0069,2025-10-11T09:08:22.364141,escalate,0.46,0,0,employee
USR0014,2025-10-11T09:46:35.360363,download,4.93,0,0,contractor
USR0074,2025-10-11T10:15:30.364498,modify,3.99,0,0,employee
USR0079,2025-10-11T12:59:58.364947,read,0.29,0,0,contractor
USR0044,2025-10-11T13:20:07.362435,write,1.93,0,0,contractor
USR0079,2025-10-11T14:35:42.364947,read,0.21,0,0,contractor
USR0014,2025-10-11T15:33:04.360363,write,4.7,0,0,contractor
USR0040,2025-10-11T17:18:47.362150,write,2.97,0,0,employee
USR0072,2025-10-11T18:43:50.364363,delete,0.23,0,0,employee
USR0076,2025-10-11T22:16:25.364729,download,3.46,1,0,employee
USR0078,2025-10-11T22:48:23.364841,write,4.7,1,0,contractor
USR0030,2025-10-12T01:07:36.361483,read,0.09,1,0,employee
USR0053,2025-10-12T01:32:41.363016,write,2.59,1,0,employee
USR0097,2025-10-12T02:36:35.366480,modify,2.47,1,0,employee
USR0081,2025-10-12T03:52:09.365116,download,3.52,1,0,employee
USR0055,2025-10-12T04:18:39.363181,read,0.21,1,0,employee
USR0053,2025-10-12T06:47:49.363016,modify,2.18,1,0,employee
USR0091,2025-10-12T07:30:38.365999,read,0.41,0,0,employee
USR0077,2025-10-12T08:31:48.364791,read,0.27,0,0,employee
USR0032,2025-10-12T09:42:29.361625,write,0.89,0,0,employee
USR0042,2025-10-12T09:45:12.362309,download,1.82,0,0,employee
USR0061,2025-10-12T14:20:40.363596,download,3.45,0,0,employee
USR0047,2025-10-12T14:47:34.362633,read,0.25,0,0,employee
USR0032,2025-10-12T16:26:50.361625,download,4.05,0,0,employee
USR0014,2025-10-12T16:41:24.360363,read,0.13,0,1,contractor
USR0004,2025-10-12T16:57:22.359533,read,0.22,0,0,employee
USR0033,2025-10-12T18:58:33.361668,write,2.44,0,0,employee
USR0042,2025-10-12T19:02:46.362309,read,0.33,0,0,employee
USR0071,2025-10-12T19:18:04.364278,read,0.12,0,0,employee
USR0030,2025-10-12T19:21:52.361483,read,0.34,0,0,employee
USR0074,2025-10-12T19:46:43.364498,read,0.37,0,0,employee
USR0075,2025-10-12T21:28:07.364638,modify,1.57,1,1,employee
USR0088,2025-10-12T22:31:13.365773,download,2.54,1,0,contractor
USR0016,2025-10-13T02:03:24.360532,download,0.95,1,0,employee
USR0098,2025-10-13T03:25:24.366564,write,3.41,1,0,employee
USR0034,2025-10-13T05:17:36.361720,read,0.3,1,0,employee
USR0037,2025-10-13T06:41:59.361941,read,0.13,1,0,employee
USR0064,2025-10-13T06:58:41.363810,read,0.17,1,0,employee
USR0070,2025-10-13T07:19:49.364203,download,3.89,0,0,employee
USR0056,2025-10-13T08:42:48.363269,download,1.63,0,0,employee
USR0038,2025-10-13T10:15:06.362030,modify,1.8,0,0,employee
USR0072,2025-10-13T12:09:04.364363,modify,4.84,0,1,employee
USR0099,2025-10-13T15:33:17.366628,read,0.32,0,0,employee
USR0012,2025-10-13T17:21:11.360247,modify,1.14,0,0,employee
USR0100,2025-10-13T17:50:30.366708,read,0.05,0,0,employee
USR0088,2025-10-13T21:02:21.365773,read,0.18,1,0,contractor
USR0086,2025-10-13T21:14:43.365526,read,0.26,1,0,employee
USR0083,2025-10-13T21:35:59.365305,read,0.2,1,0,contractor
USR0009,2025-10-13T23:51:34.359987,read,0.15,1,0,employee
USR0079,2025-10-14T00:28:39.364947,read,0.29,1,0,contractor
USR0009,2025-10-14T04:22:15.359987,write,0.85,1,0,employee
USR0078,2025-10-14T06:23:48.364841,read,0.0,1,0,contractor
USR0017,2025-10-14T07:01:57.360599,delete,0.01,0,0,employee
USR0027,2025-10-14T08:47:19.361314,escalate,0.06,0,0,employee
USR0060,2025-10-14T09:20:36.363533,read,0.33,0,0,employee
USR0010,2025-10-14T09:38:03.360089,read,0.25,0,0,employee
USR0073,2025-10-14T10:07:32.364456,read,0.18,0,0,employee
USR0067,2025-10-14T13:10:20.363980,read,0.4,0,0,employee
USR0042,2025-10-14T15:47:52.362309,read,0.22,0,0,employee
USR0059,2025-10-14T17:15:20.363493,download,4.57,0,0,employee
USR0039,2025-10-14T19:05:26.362079,download,1.91,0,0,employee
USR0011,2025-10-14T19:24:40.360166,write,4.99,0,0,employee
USR0097,2025-10-14T21:28:23.366480,write,2.44,1,0,employee
USR0093,2025-10-14T22:38:09.366146,read,0.09,1,0,employee
USR0036,2025-10-14T23:33:22.361873,read,0.28,1,0,employee
USR0049,2025-10-15T00:18:26.362775,write,3.85,1,0,employee
USR0083,2025-10-15T01:18:16.365305,read,0.08,1,0,contractor
USR0098,2025-10-15T02:27:36.366564,download,0.7,1,0,employee
USR0063,2025-10-15T02:46:49.363756,modify,0.34,1,0,employee
USR0034,2025-10-15T04:38:33.361720,read,0.1,1,0,employee
USR0074,2025-10-15T06:44:19.364498,read,0.08,1,0,employee
USR0044,2025-10-15T07:27:33.362435,read,0.21,0,0,contractor
USR0074,2025-10-15T09:19:11.364498,modify,4.05,0,0,employee
USR0040,2025-10-15T14:42:10.362150,read,0.01,0,0,employee
USR0092,2025-10-15T18:21:30.366090,write,3.87,0,0,employee
USR0058,2025-10-15T18:42:34.363428,escalate,0.08,0,0,employee
USR0078,2025-10-15T18:42:46.364841,modify,1.07,0,0,contractor
USR0081,2025-10-15T19:43:48.365116,read,0.21,0,0,employee
USR0024,2025-10-15T20:15:40.361063,write,2.67,1,0,contractor
USR0094,2025-10-15T22:18:47.366216,read,0.03,1,0,employee
USR0100,2025-10-15T23:48:41.366708,read,0.26,1,0,employee
USR0058,2025-10-16T00:03:36.363428,delete,0.49,1,0,employee
USR0005,2025-10-16T03:05:38.359622,write,1.68,1,0,employee
USR0072,2025-10-16T04:08:00.364363,download,4.26,1,0,employee
USR0029,2025-10-16T04:37:13.361399,write,2.53,1,0,employee
USR0019,2025-10-16T05:00:52.360733,read,0.01,1,0,contractor
USR0039,2025-10-16T07:44:58.362079,download,2.92,0,0,employee
USR0037,2025-10-16T07:48:35.361941,write,3.18,0,0,employee
USR0017,2025-10-16T08:31:35.360599,write,0.93,0,0,employee
USR0047,2025-10-16T08:48:44.362633,modify,1.91,0,0,employee
USR0048,2025-10-16T08:56:29.362695,read,0.14,0,0,employee
USR0004,2025-10-16T10:21:53.359533,modify,1.62,0,0,employee
USR0042,2025-10-16T14:03:08.362309,read,0.14,0,0,employee
USR0034,2025-10-16T18:03:33.361720,read,0.12,0,0,employee
USR0061,2025-10-16T19:50:30.363596,read,0.19,0,0,employee
USR0003,2025-10-16T19:50:59.359480,download,3.89,0,0,employee
USR0075,2025-10-16T19:56:24.364638,read,0.27,0,0,employee
USR0093,2025-10-16T20:37:17.366146,modify,1.19,1,0,employee
USR0022,2025-10-16T21:34:37.360921,read,0.42,1,0,employee
USR0096,2025-10-16T21:59:16.366394,download,1.96,1,0,employee
USR0012,2025-10-16T22:42:29.360247,read,0.37,1,0,employee
USR0094,2025-10-16T23:50:17.366216,read,0.13,1,0,employee
USR0048,2025-10-17T00:56:26.362695,read,0.05,1,0,employee
USR0006,2025-10-17T01:29:59.359723,download,2.78,1,0,employee
USR0013,2025-10-17T02:35:14.360304,read,0.43,1,0,employee
USR0061,2025-10-17T03:01:57.363596,read,0.2,1,0,employee
USR0008,2025-10-17T04:40:20.359905,read,0.03,1,0,employee
USR0045,2025-10-17T05:20:28.362493,read,0.09,1,0,employee
USR0074,2025-10-17T06:15:59.364498,read,0.43,1,1,employee
USR0024,2025-10-17T08:02:42.361063,modify,4.08,0,0,contractor
USR0006,2025-10-17T10:28:54.359723,read,0.13,0,0,employee
USR0075,2025-10-17T10:34:02.364638,read,0.27,0,0,employee
USR0095,2025-10-17T10:52:18.366311,download,4.22,0,0,employee
USR0084,2025-10-17T11:02:05.365404,write,4.85,0,0,employee
USR0081,2025-10-17T11:38:22.365116,read,0.17,0,0,employee
USR0057,2025-10-17T17:39:44.363350,read,0.06,0,0,employee
USR0019,2025-10-17T17:58:49.360733,read,0.22,0,0,contractor
USR0085,2025-10-17T21:59:58.365482,delete,0.38,1,0,employee
USR0096,2025-10-17T22:02:48.366394,read,0.2,1,1,employee
USR0063,2025-10-17T22:55:51.363756,escalate,0.14,1,0,employee
USR0099,2025-10-18T02:19:47.366628,download,4.37,1,0,employee
USR0043,2025-10-18T02:37:37.362384,write,3.51,1,0,contractor
USR0037,2025-10-18T03:01:51.361941,read,0.44,1,0,employee
USR0050,2025-10-18T07:38:33.362822,download,4.18,0,0,employee
USR0094,2025-10-18T07:51:21.366216,download,0.14,0,0,employee
USR0098,2025-10-18T08:47:23.366564,write,0.36,0,0,employee
USR0039,2025-10-18T11:00:41.362079,modify,2.29,0,0,employee
USR0010,2025-10-18T11:29:06.360089,download,3.82,0,0,employee
USR0086,2025-10-18T11:46:15.365526,read,0.35,0,0,employee
USR0088,2025-10-18T13:33:29.365773,read,0.17,0,1,contractor
USR0066,2025-10-18T14:47:16.363923,read,0.37,0,0,employee
USR0084,2025-10-18T15:08:19.365404,modify,0.59,0,0,employee
USR0060,2025-10-18T17:34:23.363533,write,2.65,0,0,employee
USR0057,2025-10-18T17:53:16.363350,read,0.22,0,1,employee
USR0061,2025-10-18T18:51:11.363596,write,1.08,0,0,employee
USR0084,2025-10-18T19:13:25.365404,download,2.8,0,0,employee
USR0069,2025-10-18T20:35:55.364141,write,4.32,1,0,employee
USR0051,2025-10-18T21:39:53.362901,read,0.09,1,0,employee
USR0042,2025-10-18T21:45:17.362309,read,0.38,1,0,employee
USR0009,2025-10-19T01:33:59.359987,write,2.89,1,0,employee
USR0006,2025-10-19T02:12:18.359723,read,0.31,1,0,employee
USR0082,2025-10-19T02:55:48.365216,write,4.54,1,0,employee
USR0014,2025-10-19T03:08:34.360363,read,0.04,1,0,contractor
USR0030,2025-10-19T04:17:53.361483,download,1.65,1,0,employee
USR0095,2025-10-19T05:33:29.366311,read,0.21,1,0,employee
USR0058,2025-10-19T05:50:02.363428,read,0.25,1,0,employee
USR0058,2025-10-19T06:22:06.363428,read,0.36,1,0,employee
USR0022,2025-10-19T08:58:16.360921,read,0.0,0,0,employee
USR0029,2025-10-19T09:36:09.361399,read,0.16,0,0,employee
USR0085,2025-10-19T14:26:50.365482,download,2.57,0,0,employee
USR0047,2025-10-19T15:38:45.362633,read,0.08,0,0,employee
USR0024,2025-10-19T16:38:09.361063,read,0.27,0,0,contractor
USR0011,2025-10-19T17:52:18.360166,download,1.98,0,0,employee
USR0100,2025-10-19T23:26:06.366708,read,0.48,1,0,employee
USR0074,2025-10-20T00:10:53.364498,read,0.09,1,0,employee
USR0095,2025-10-20T01:37:57.366311,write,2.56,1,0,employee
USR0037,2025-10-20T04:01:06.361941,write,1.5,1,0,employee
USR0056,2025-10-20T05:05:05.363269,read,0.41,1,0,employee
USR0079,2025-10-20T08:50:02.364947,read,0.38,0,0,contractor
USR0011,2025-10-20T09:34:54.360166,read,0.29,0,0,employee
USR0027,2025-10-20T09:46:31.361314,read,0.43,0,0,employee
USR0053,2025-10-20T10:03:36.363016,read,0.05,0,0,employee
USR0006,2025-10-20T11:40:13.359723,download,4.26,0,0,employee
USR0091,2025-10-20T12:46:20.365999,write,3.15,0,0,employee
USR0072,2025-10-20T12:52:02.364363,read,0.05,0,0,employee
USR0006,2025-10-20T12:59:54.359723,write,3.96,0,0,employee
USR0029,2025-10-20T13:19:03.361399,read,0.42,0,0,employee
USR0045,2025-10-20T15:42:21.362493,read,0.09,0,0,employee
USR0053,2025-10-20T16:59:06.363016,download,1.44,0,0,employee
USR0046,2025-10-20T17:23:52.362577,modify,4.12,0,0,employee
USR0007,2025-10-20T17:45:24.359816,download,0.96,0,0,employee
USR0089,2025-10-20T19:28:29.365852,read,0.25,0,0,employee
USR0072,2025-10-20T19:53:15.364363,read,0.32,0,0,employee
USR0081,2025-10-20T20:44:18.365116,read,0.34,1,0,employee
USR0013,2025-10-20T21:21:52.360304,read,0.08,1,0,employee
USR0082,2025-10-21T00:24:37.365216,read,0.46,1,0,employee
USR0082,2025-10-21T00:35:53.365216,read,0.09,1,0,employee
USR0080,2025-10-21T01:03:39.365043,download,1.25,1,0,employee
USR0069,2025-10-21T02:34:20.364141,download,2.08,1,0,employee
USR0019,2025-10-21T03:16:38.360733,read,0.15,1,0,contractor
USR0050,2025-10-21T05:31:11.362822,read,0.02,1,0,employee
USR0008,2025-10-21T05:33:37.359905,download,2.87,1,0,employee
USR0037,2025-10-21T05:35:22.361941,read,0.46,1,0,employee
USR0005,2025-10-21T06:21:09.359622,download,3.4,1,0,employee
USR0092,2025-10-21T08:16:25.366090,write,3.06,0,0,employee
USR0081,2025-10-21T12:33:10.365116,download,2.36,0,0,employee
USR0080,2025-10-21T12:45:17.365043,read,0.46,0,0,employee
USR0051,2025-10-21T12:52:22.362901,download,3.49,0,0,employee
USR0031,2025-10-21T13:24:33.361567,download,4.23,0,0,employee
USR0021,2025-10-21T13:52:26.360874,modify,3.46,0,0,employee
USR0021,2025-10-21T15:17:53.360874,read,0.2,0,0,employee
USR0011,2025-10-21T17:51:23.360166,write,2.36,0,0,employee
USR0057,2025-10-21T17:53:09.363350,read,0.45,0,0,employee
USR0090,2025-10-21T18:31:56.365932,modify,3.62,0,0,employee
USR0031,2025-10-21T18:53:21.361567,download,0.3,0,0,employee
USR0057,2025-10-21T20:40:33.363350,read,0.39,1,0,employee
USR0099,2025-10-21T23:15:11.366628,download,2.7,1,0,employee
USR0043,2025-10-22T01:12:54.362384,read,0.25,1,0,contractor
USR0053,2025-10-22T03:24:28.363016,read,0.02,1,0,employee
USR0008,2025-10-22T03:58:20.359905,escalate,0.42,1,0,employee
USR0041,2025-10-22T05:08:15.362244,read,0.46,1,0,employee
USR0031,2025-10-22T06:28:13.361567,read,0.5,1,0,employee
USR0087,2025-10-22T07:05:44.365674,download,3.83,0,0,employee
USR0054,2025-10-22T08:16:27.363082,read,0.43,0,0,employee
USR0016,2025-10-22T14:52:40.360532,download,1.67,0,0,employee
USR0004,2025-10-22T15:51:57.359533,read,0.05,0,0,employee
USR0036,2025-10-22T18:31:49.361873,download,3.93,0,0,employee
USR0030,2025-10-22T19:07:13.361483,modify,2.22,0,0,employee
USR0096,2025-10-22T19:40:23.366394,escalate,0.48,0,0,employee
USR0045,2025-10-22T20:46:11.362493,escalate,0.15,1,0,employee
USR0039,2025-10-22T20:51:39.362079,read,0.43,1,0,employee
USR0006,2025-10-22T21:30:48.359723,read,0.47,1,0,employee
USR0005,2025-10-23T00:17:28.359622,delete,0.06,1,0,employee
USR0096,2025-10-23T00:44:02.366394,download,2.7,1,0,employee
USR0024,2025-10-23T02:21:27.361063,read,0.23,1,0,contractor
USR0005,2025-10-23T02:58:22.359622,write,4.51,1,0,employee
USR0062,2025-10-23T03:13:23.363654,download,1.24,1,0,employee
USR0024,2025-10-23T05:07:17.361063,download,3.94,1,0,contractor
USR0049,2025-10-23T06:52:38.362775,read,0.28,1,0,employee
USR0041,2025-10-23T08:07:34.362244,read,0.43,0,0,employee
USR0044,2025-10-23T12:56:23.362435,download,1.5,0,0,contractor
USR0054,2025-10-23T13:34:14.363082,download,4.31,0,0,employee
USR0024,2025-10-23T16:23:55.361063,read,0.29,0,0,contractor
USR0063,2025-10-23T19:45:43.363756,read,0.24,0,0,employee
USR0021,2025-10-23T21:36:41.360874,read,0.33,1,0,employee
USR0060,2025-10-23T21:48:27.363533,write,2.96,1,0,employee
USR0086,2025-10-23T23:03:29.365526,download,0.03,1,0,employee
USR0068,2025-10-24T00:18:16.364051,read,0.1,1,0,employee
USR0051,2025-10-24T01:04:40.362901,download,1.42,1,0,employee
USR0037,2025-10-24T02:23:33.361941,modify,4.29,1,0,employee
USR0034,2025-10-24T03:53:38.361720,download,2.74,1,0,employee
USR0027,2025-10-24T05:51:47.361314,read,0.39,1,0,employee
USR0100,2025-10-24T06:38:45.366708,read,0.37,1,0,employee
USR0009,2025-10-24T07:48:11.359987,read,0.31,0,0,employee
USR0040,2025-10-24T08:58:42.362150,read,0.12,0,1,employee
USR0035,2025-10-24T09:06:11.361798,download,2.36,0,0,employee
USR0037,2025-10-24T09:16:16.361941,read,0.23,0,0,employee
USR0093,2025-10-24T09:32:58.366146,write,1.91,0,0,employee
USR0068,2025-10-24T12:15:39.364051,read,0.4,0,0,employee
USR0030,2025-10-24T14:54:13.361483,write,4.11,0,0,employee
USR0079,2025-10-24T15:07:46.364947,read,0.06,0,0,contractor
USR0090,2025-10-24T16:51:58.365932,read,0.37,0,0,employee
USR0047,2025-10-24T20:24:27.362633,download,0.24,1,0,employee
USR0070,2025-10-24T22:03:33.364203,delete,0.16,1,0,employee
USR0094,2025-10-24T22:21:58.366216,read,0.38,1,0,employee
USR0043,2025-10-24T23:03:10.362384,download,2.95,1,0,contractor
USR0067,2025-10-24T23:04:31.363980,read,0.15,1,0,employee
USR0024,2025-10-24T23:29:17.361063,read,0.49,1,0,contractor
USR0051,2025-10-25T00:10:14.362901,download,3.25,1,0,employee
USR0004,2025-10-25T07:08:21.359533,write,0.98,0,0,employee
USR0017,2025-10-25T07:09:33.360599,read,0.5,0,0,employee
USR0019,2025-10-25T10:09:36.360733,read,0.5,0,0,contractor
USR0094,2025-10-25T10:31:03.366216,download,3.29,0,0,employee
USR0006,2025-10-25T11:14:18.359723,read,0.04,0,0,employee
USR0047,2025-10-25T12:31:26.362633,read,0.41,0,0,employee
USR0013,2025-10-25T13:46:40.360304,write,2.47,0,0,employee
USR0072,2025-10-25T15:02:52.364363,read,0.02,0,0,employee
USR0045,2025-10-25T21:11:05.362493,read,0.29,1,0,employee
USR0089,2025-10-25T23:30:42.365852,write,4.05,1,0,employee
USR0087,2025-10-26T01:05:28.365674,read,0.21,1,0,employee
USR0035,2025-10-26T07:24:28.361798,read,0.11,0,0,employee
USR0082,2025-10-26T11:28:23.365216,escalate,0.37,0,0,employee
USR0092,2025-10-26T14:50:39.366090,read,0.3,0,0,employee
USR0089,2025-10-26T15:42:53.365852,download,3.14,0,0,employee
USR0021,2025-10-26T16:46:20.360874,download,0.38,0,0,employee
USR0008,2025-10-26T18:49:34.359905,write,1.85,0,0,employee
USR0056,2025-10-26T19:21:55.363269,download,1.82,0,0,employee
USR0016,2025-10-26T20:23:28.360532,read,0.12,1,0,employee
USR0019,2025-10-26T20:37:39.360733,read,0.47,1,0,contractor
USR0049,2025-10-26T20:57:54.362775,download,0.68,1,0,employee
USR0089,2025-10-26T22:42:21.365852,modify,4.67,1,0,employee
USR0066,2025-10-27T02:53:19.363923,read,0.21,1,0,employee
USR0041,2025-10-27T03:10:00.362244,download,3.4,1,0,employee
USR0095,2025-10-27T03:23:35.366311,read,0.04,1,0,employee
USR0030,2025-10-27T03:42:38.361483,download,4.91,1,0,employee
USR0063,2025-10-27T04:22:04.363756,delete,0.46,1,0,employee
USR0083,2025-10-27T06:47:27.365305,read,0.28,1,0,contractor
USR0080,2025-10-27T09:35:13.365043,read,0.12,0,0,employee
USR0093,2025-10-27T12:41:41.366146,read,0.28,0,0,employee
USR0036,2025-10-27T13:21:44.361873,download,4.29,0,0,employee
USR0087,2025-10-27T13:42:39.365674,modify,3.71,0,0,employee
USR0080,2025-10-27T14:10:36.365043,download,0.93,0,0,employee
USR0016,2025-10-27T15:29:57.360532,read,0.34,0,0,employee
USR0028,2025-10-27T18:10:25.361358,download,2.77,0,0,employee
USR0074,2025-10-27T19:42:55.364498,download,1.4,0,0,employee
USR0015,2025-10-27T21:53:46.360444,write,3.68,1,0,employee
USR0038,2025-10-28T00:42:15.362030,read,0.45,1,0,employee
USR0004,2025-10-28T01:20:23.359533,escalate,0.44,1,0,employee
USR0055,2025-10-28T01:31:14.363181,write,2.89,1,0,employee
USR0024,2025-10-28T02:21:14.361063,escalate,0.44,1,0,contractor
USR0023,2025-10-28T03:22:19.360987,escalate,0.32,1,0,contractor
USR0091,2025-10-28T03:59:09.365999,delete,0.47,1,0,employee
USR0028,2025-10-28T04:03:08.361358,download,2.1,1,0,employee
USR0017,2025-10-28T06:44:49.360599,download,3.7,1,0,employee
USR0047,2025-10-28T08:45:53.362633,download,0.37,0,0,employee
USR0024,2025-10-28T09:33:22.361063,download,1.99,0,0,contractor
USR0095,2025-10-28T10:04:50.366311,read,0.32,0,0,employee
USR0037,2025-10-28T13:58:48.361941,download,3.45,0,0,employee
USR0051,2025-10-28T14:14:39.362901,read,0.24,0,0,employee
USR0064,2025-10-28T14:29:46.363810,write,3.57,0,0,employee
USR0042,2025-10-28T16:38:39.362309,read,0.41,0,0,employee
USR0015,2025-10-28T19:38:43.360444,read,0.09,0,0,employee
USR0075,2025-10-28T21:10:38.364638,read,0.48,1,0,employee
USR0098,2025-10-28T22:33:22.366564,read,0.48,1,0,employee
USR0096,2025-10-28T23:39:50.366394,read,0.12,1,0,employee
USR0096,2025-10-29T00:17:43.366394,download,5.0,1,0,employee
USR0094,2025-10-29T00:26:38.366216,modify,3.82,1,0,employee
USR0011,2025-10-29T01:25:17.360166,read,0.48,1,0,employee
USR0013,2025-10-29T01:52:04.360304,download,2.58,1,0,employee
USR0084,2025-10-29T02:13:23.365404,read,0.38,1,0,employee
USR0042,2025-10-29T03:51:19.362309,download,3.96,1,0,employee
USR0007,2025-10-29T04:17:35.359816,modify,2.6,1,0,employee
USR0092,2025-10-29T04:41:58.366090,read,0.28,1,1,employee
USR0002,2025-10-29T04:56:09.359416,read,0.07,1,0,employee
USR0041,2025-10-29T06:10:41.362244,escalate,0.03,1,0,employee
USR0083,2025-10-29T06:33:14.365305,download,3.14,1,0,contractor
USR0025,2025-10-29T06:50:14.361161,read,0.41,1,0,employee
USR0015,2025-10-29T07:08:28.360444,modify,2.88,0,0,employee
USR0048,2025-10-29T07:38:16.362695,write,1.27,0,0,employee
USR0024,2025-10-29T07:44:16.361063,read,0.07,0,0,contractor
USR0099,2025-10-29T10:04:34.366628,write,3.66,0,0,employee
USR0025,2025-10-29T11:53:52.361161,write,3.39,0,0,employee
USR0013,2025-10-29T12:14:34.360304,read,0.38,0,0,employee
USR0094,2025-10-29T12:41:35.366216,write,1.37,0,0,employee
USR0040,2025-10-29T12:48:24.362150,read,0.42,0,0,employee
USR0070,2025-10-29T12:57:18.364203,download,2.3,0,0,employee
USR0047,2025-10-29T16:39:23.362633,escalate,0.3,0,0,employee
USR0010,2025-10-29T17:40:41.360089,modify,3.78,0,0,employee
USR0091,2025-10-29T18:30:43.365999,read,0.01,0,0,employee
USR0081,2025-10-29T21:48:22.365116,read,0.06,1,0,employee
USR0025,2025-10-30T00:50:11.361161,read,0.17,1,0,employee
USR0068,2025-10-30T00:53:00.364051,read,0.36,1,0,employee
USR0044,2025-10-30T02:06:49.362435,write,3.34,1,0,contractor
USR0046,2025-10-30T03:44:48.362577,read,0.03,1,0,employee
USR0064,2025-10-30T03:45:35.363810,modify,1.53,1,0,employee
USR0009,2025-10-30T05:43:36.359987,read,0.46,1,0,employee
USR0031,2025-10-30T06:40:23.361567,read,0.11,1,0,employee
USR0088,2025-10-30T06:47:03.365773,escalate,0.29,1,0,contractor
USR0073,2025-10-30T07:13:24.364456,write,2.89,0,0,employee
USR0078,2025-10-30T07:58:54.364841,read,0.17,0,0,contractor
USR0034,2025-10-30T08:13:44.361720,read,0.16,0,0,employee
USR0099,2025-10-30T09:18:25.366628,download,4.69,0,0,employee
USR0034,2025-10-30T11:20:08.361720,escalate,0.36,0,0,employee
USR0056,2025-10-30T13:45:18.363269,write,4.03,0,0,employee
USR0014,2025-10-30T14:00:38.360363,write,3.37,0,0,contractor
USR0083,2025-10-30T14:01:07.365305,read,0.46,0,0,contractor
USR0081,2025-10-30T14:25:18.365116,delete,0.27,0,0,employee
USR0026,2025-10-30T16:09:41.361245,read,0.32,0,0,employee
USR0097,2025-10-30T17:07:51.366480,write,3.43,0,0,employee
USR0062,2025-10-30T18:15:38.363654,read,0.04,0,0,employee
USR0074,2025-10-30T18:56:12.364498,download,1.2,0,0,employee
USR0015,2025-10-30T22:14:28.360444,download,3.78,1,0,employee
USR0049,2025-10-31T00:02:20.362775,write,3.27,1,0,employee
USR0038,2025-10-31T00:39:53.362030,read,0.33,1,0,employee
USR0094,2025-10-31T01:21:33.366216,modify,1.63,1,0,employee
USR0087,2025-10-31T06:12:45.365674,read,0.42,1,0,employee
USR0014,2025-10-31T07:03:37.360363,read,0.21,0,0,contractor
USR0005,2025-10-31T08:49:39.359622,write,1.94,0,0,employee
USR0078,2025-10-31T10:11:17.364841,read,0.37,0,0,contractor
USR0019,2025-10-31T10:20:23.360733,read,0.08,0,0,contractor
USR0082,2025-10-31T14:25:54.365216,read,0.16,0,0,employee
USR0059,2025-10-31T15:19:12.363493,write,1.9,0,0,employee
USR0011,2025-10-31T15:33:44.360166,download,3.53,0,0,employee
USR0005,2025-10-31T16:24:02.359622,read,0.18,0,0,employee
USR0001,2025-10-31T16:43:36.359340,write,3.56,0,0,contractor
USR0039,2025-10-31T17:28:57.362079,read,0.38,0,0,employee
USR0086,2025-10-31T22:18:14.365526,download,1.14,1,0,employee
USR0099,2025-11-01T00:17:12.366628,download,4.41,1,0,employee
USR0094,2025-11-01T00:56:33.366216,download,0.91,1,0,employee
USR0071,2025-11-01T02:06:25.364278,write,3.83,1,0,employee
USR0048,2025-11-01T02:41:56.362695,download,0.99,1,0,employee
USR0067,2025-11-01T03:00:00.363980,write,0.23,1,0,employee
USR0025,2025-11-01T03:17:26.361161,read,0.42,1,0,employee
USR0006,2025-11-01T03:41:46.359723,read,0.35,1,0,employee
USR0077,2025-11-01T05:11:41.364791,modify,3.24,1,0,employee
USR0080,2025-11-01T07:25:59.365043,write,2.13,0,0,employee
USR0015,2025-11-01T10:12:15.360444,write,4.68,0,0,employee
USR0056,2025-11-01T10:55:00.363269,modify,2.08,0,0,employee
USR0050,2025-11-01T12:26:18.362822,read,0.08,0,0,employee
USR0083,2025-11-01T14:07:05.365305,read,0.4,0,0,contractor
USR0005,2025-11-01T15:31:23.359622,modify,1.56,0,0,employee
USR0025,2025-11-01T16:21:20.361161,read,0.11,0,0,employee
USR0065,2025-11-01T17:07:13.363860,read,0.01,0,0,employee
USR0081,2025-11-01T17:44:47.365116,read,0.4,0,0,employee
USR0036,2025-11-01T19:36:41.361873,write,3.91,0,0,employee
USR0098,2025-11-01T20:02:02.366564,read,0.09,1,0,employee
USR0039,2025-11-01T23:51:11.362079,download,3.9,1,0,employee
USR0037,2025-11-02T01:44:09.361941,read,0.42,1,0,employee
USR0036,2025-11-02T03:27:46.361873,modify,0.51,1,0,employee
USR0016,2025-11-02T04:47:05.360532,read,0.5,1,0,employee
USR0054,2025-11-02T05:24:31.363082,write,1.3,1,0,employee
USR0015,2025-11-02T10:18:58.360444,download,0.17,0,0,employee
USR0050,2025-11-02T12:08:59.362822,write,0.1,0,0,employee
USR0096,2025-11-02T12:38:21.366394,read,0.01,0,0,employee
USR0067,2025-11-02T14:47:06.363980,download,0.83,0,0,employee
USR0013,2025-11-02T16:11:15.360304,read,0.28,0,0,employee
USR0004,2025-11-02T19:44:50.359533,write,4.89,0,0,employee
USR0057,2025-11-02T21:54:18.363350,read,0.32,1,0,employee
USR0075,2025-11-02T22:46:09.364638,download,3.06,1,0,employee
USR0099,2025-11-02T22:54:29.366628,read,0.32,1,0,employee
USR0076,2025-11-02T23:19:09.364729,download,3.89,1,1,employee
USR0014,2025-11-03T00:16:34.360363,download,2.23,1,0,contractor
USR0012,2025-11-03T02:22:54.360247,modify,0.8,1,0,employee
USR0063,2025-11-03T02:51:22.363756,read,0.17,1,0,employee
USR0066,2025-11-03T05:42:12.363923,read,0.2,1,0,employee
USR0062,2025-11-03T06:50:20.363654,write,1.51,1,0,employee
USR0013,2025-11-03T07:06:44.360304,delete,0.09,0,0,employee
USR0094,2025-11-03T07:34:19.366216,read,0.18,0,0,employee
USR0094,2025-11-03T08:41:24.366216,escalate,0.2,0,0,employee
